"Assertion Instance","Weightage","Module Name","Source File","Line Number","Behavioral"
"kme_tb.kme_dut.u_cr_kme_core.kme_is_core.txc_axi_intf.u_cr_fifo_wrap2.ram_fifo.u_nx_fifo_ram_1r1w.fifo_ctrl._asrtLbl279",20,"nx_fifo_ctrl_ram_1r1w","/home/ibarry/Project-Zipline-master/rtl/common/nx_library/nx_fifo_ctrl_ram_1r1w.v",279,"No"
"kme_tb.kme_dut.u_cr_kme_core.kme_is_core.drng.drng.rnd_fifo.std_fifo.depth_n.fifo_ctrl.fifo_entries_reached_DEPTH",20,"nx_fifo_ctrl","/home/ibarry/Project-Zipline-master/rtl/common/nx_library/nx_fifo_ctrl.v",152,"No"
"kme_tb.kme_dut.u_cr_kme_core.kme_is_core.drng.drng.rnd_fifo.std_fifo.depth_n.fifo_ctrl.cover_depth[0].fifo_entries_reached_i",20,"nx_fifo_ctrl","/home/ibarry/Project-Zipline-master/rtl/common/nx_library/nx_fifo_ctrl.v",149,"No"
"kme_tb.kme_dut.u_cr_kme_core.kme_is_core.drng.drng.rnd_fifo.std_fifo.depth_n.fifo_ctrl.cover_depth[3].fifo_entries_reached_i",20,"nx_fifo_ctrl","/home/ibarry/Project-Zipline-master/rtl/common/nx_library/nx_fifo_ctrl.v",149,"No"
"kme_tb.kme_dut.u_cr_kme_core.kme_is_core.drng.drng.rnd_fifo.std_fifo.depth_n.fifo_ctrl.cover_depth[5].fifo_entries_reached_i",20,"nx_fifo_ctrl","/home/ibarry/Project-Zipline-master/rtl/common/nx_library/nx_fifo_ctrl.v",149,"No"
"kme_tb.kme_dut.u_cr_kme_core.kme_is_core.ckv_pipeline.guid_stitcher.aux_cmd_fifo.std_fifo.depth_n.fifo_ctrl.fifo_entries_reached_DEPTH",20,"nx_fifo_ctrl","/home/ibarry/Project-Zipline-master/rtl/common/nx_library/nx_fifo_ctrl.v",152,"No"
"kme_tb.kme_dut.u_cr_kme_core.kme_is_core.ckv_pipeline.guid_stitcher.aux_cmd_fifo.std_fifo.depth_n.fifo_ctrl.cover_depth[0].fifo_entries_reached_i",20,"nx_fifo_ctrl","/home/ibarry/Project-Zipline-master/rtl/common/nx_library/nx_fifo_ctrl.v",149,"No"
"kme_tb.kme_dut.u_cr_kme_core.kme_is_core.ckv_pipeline.guid_stitcher.aux_cmd_fifo.std_fifo.depth_n.fifo_ctrl.cover_depth[13].fifo_entries_reached_i",20,"nx_fifo_ctrl","/home/ibarry/Project-Zipline-master/rtl/common/nx_library/nx_fifo_ctrl.v",149,"No"
"kme_tb.kme_dut.u_cr_kme_core.kme_is_core.ckv_pipeline.guid_stitcher.aux_cmd_fifo.std_fifo.depth_n.fifo_ctrl.cover_depth[19].fifo_entries_reached_i",20,"nx_fifo_ctrl","/home/ibarry/Project-Zipline-master/rtl/common/nx_library/nx_fifo_ctrl.v",149,"No"
"kme_tb.kme_dut.u_cr_kme_core.kme_is_core.ckv_pipeline.guid_stitcher.aux_cmd_fifo.std_fifo.depth_n.fifo_ctrl.cover_depth[22].fifo_entries_reached_i",20,"nx_fifo_ctrl","/home/ibarry/Project-Zipline-master/rtl/common/nx_library/nx_fifo_ctrl.v",149,"No"
"kme_tb.kme_dut.u_cr_kme_core.kme_is_core.ckv_pipeline.guid_stitcher.aux_cmd_fifo.std_fifo.depth_n.fifo_ctrl.cover_depth[24].fifo_entries_reached_i",20,"nx_fifo_ctrl","/home/ibarry/Project-Zipline-master/rtl/common/nx_library/nx_fifo_ctrl.v",149,"No"
"kme_tb.kme_dut.u_cr_kme_core.kme_is_core.ckv_pipeline.tlv_parser.parser_fifo.std_fifo.depth_n.fifo_ctrl.fifo_entries_reached_DEPTH",20,"nx_fifo_ctrl","/home/ibarry/Project-Zipline-master/rtl/common/nx_library/nx_fifo_ctrl.v",152,"No"
"kme_tb.kme_dut.u_cr_kme_core.kme_is_core.ckv_pipeline.tlv_parser.parser_fifo.std_fifo.depth_n.fifo_ctrl.cover_depth[0].fifo_entries_reached_i",20,"nx_fifo_ctrl","/home/ibarry/Project-Zipline-master/rtl/common/nx_library/nx_fifo_ctrl.v",149,"No"
"kme_tb.kme_dut.u_cr_kme_core.kme_is_core.ckv_pipeline.tlv_parser.parser_fifo.std_fifo.depth_n.fifo_ctrl.cover_depth[1].fifo_entries_reached_i",20,"nx_fifo_ctrl","/home/ibarry/Project-Zipline-master/rtl/common/nx_library/nx_fifo_ctrl.v",149,"No"
"kme_tb.kme_dut.u_cr_kme_core.kme_is_core.ckv_pipeline.tlv_parser.key_type0_line4",20,"cr_kme_tlv_parser","/home/ibarry/Project-Zipline-master/rtl/cr_kme/cr_kme_tlv_parser.v",914,"No"
"kme_tb.kme_dut.u_cr_kme_core.kme_is_core.ckv_pipeline.tlv_parser.key_type0_line5a",20,"cr_kme_tlv_parser","/home/ibarry/Project-Zipline-master/rtl/cr_kme/cr_kme_tlv_parser.v",920,"No"
"kme_tb.kme_dut.u_cr_kme_core.kme_is_core.ckv_pipeline.tlv_parser.key_type0_line5b",20,"cr_kme_tlv_parser","/home/ibarry/Project-Zipline-master/rtl/cr_kme/cr_kme_tlv_parser.v",926,"No"
"kme_tb.kme_dut.u_cr_kme_core.kme_is_core.ckv_pipeline.tlv_parser.key_type1_line7a",20,"cr_kme_tlv_parser","/home/ibarry/Project-Zipline-master/rtl/cr_kme/cr_kme_tlv_parser.v",936,"No"
"kme_tb.kme_dut.u_cr_kme_core.kme_is_core.ckv_pipeline.tlv_parser.key_type1_line7b",20,"cr_kme_tlv_parser","/home/ibarry/Project-Zipline-master/rtl/cr_kme/cr_kme_tlv_parser.v",944,"No"
"kme_tb.kme_dut.u_cr_kme_core.kme_is_core.ckv_pipeline.tlv_parser.key_type1_line8a",20,"cr_kme_tlv_parser","/home/ibarry/Project-Zipline-master/rtl/cr_kme/cr_kme_tlv_parser.v",952,"No"
"kme_tb.kme_dut.u_cr_kme_core.kme_is_core.ckv_pipeline.tlv_parser.key_type1_line8b",20,"cr_kme_tlv_parser","/home/ibarry/Project-Zipline-master/rtl/cr_kme/cr_kme_tlv_parser.v",960,"No"
"kme_tb.kme_dut.u_cr_kme_core.kme_is_core.ckv_pipeline.tlv_parser.key_type1_line9",20,"cr_kme_tlv_parser","/home/ibarry/Project-Zipline-master/rtl/cr_kme/cr_kme_tlv_parser.v",969,"No"
"kme_tb.kme_dut.u_cr_kme_core.kme_is_core.ckv_pipeline.tlv_parser.key_type1_line10",20,"cr_kme_tlv_parser","/home/ibarry/Project-Zipline-master/rtl/cr_kme/cr_kme_tlv_parser.v",977,"No"
"kme_tb.kme_dut.u_cr_kme_core.kme_is_core.ckv_pipeline.tlv_parser.key_type1_line11a",20,"cr_kme_tlv_parser","/home/ibarry/Project-Zipline-master/rtl/cr_kme/cr_kme_tlv_parser.v",983,"No"
"kme_tb.kme_dut.u_cr_kme_core.kme_is_core.ckv_pipeline.tlv_parser.key_type1_line11b",20,"cr_kme_tlv_parser","/home/ibarry/Project-Zipline-master/rtl/cr_kme/cr_kme_tlv_parser.v",989,"No"
"kme_tb.kme_dut.u_cr_kme_core.kme_is_core.ckv_pipeline.tlv_parser.key_type1_line11c",20,"cr_kme_tlv_parser","/home/ibarry/Project-Zipline-master/rtl/cr_kme/cr_kme_tlv_parser.v",995,"No"
"kme_tb.kme_dut.u_cr_kme_core.kme_is_core.ckv_pipeline.tlv_parser.key_type1_line11d",20,"cr_kme_tlv_parser","/home/ibarry/Project-Zipline-master/rtl/cr_kme/cr_kme_tlv_parser.v",1001,"No"
"kme_tb.kme_dut.u_cr_kme_core.kme_is_core.ckv_pipeline.tlv_parser.key_type1_line12a",20,"cr_kme_tlv_parser","/home/ibarry/Project-Zipline-master/rtl/cr_kme/cr_kme_tlv_parser.v",1007,"No"
"kme_tb.kme_dut.u_cr_kme_core.kme_is_core.ckv_pipeline.tlv_parser.key_type1_line12b",20,"cr_kme_tlv_parser","/home/ibarry/Project-Zipline-master/rtl/cr_kme/cr_kme_tlv_parser.v",1014,"No"
"kme_tb.kme_dut.u_cr_kme_core.kme_is_core.ckv_pipeline.tlv_parser.key_type9_line14",20,"cr_kme_tlv_parser","/home/ibarry/Project-Zipline-master/rtl/cr_kme/cr_kme_tlv_parser.v",1023,"No"
"kme_tb.kme_dut.u_cr_kme_core.kme_is_core.ckv_pipeline.tlv_parser.key_type9_line15",20,"cr_kme_tlv_parser","/home/ibarry/Project-Zipline-master/rtl/cr_kme/cr_kme_tlv_parser.v",1030,"No"
"kme_tb.kme_dut.u_cr_kme_core.kme_is_core.ckv_pipeline.tlv_parser.key_type9_line16a",20,"cr_kme_tlv_parser","/home/ibarry/Project-Zipline-master/rtl/cr_kme/cr_kme_tlv_parser.v",1036,"No"
"kme_tb.kme_dut.u_cr_kme_core.kme_is_core.ckv_pipeline.tlv_parser.key_type9_line16b",20,"cr_kme_tlv_parser","/home/ibarry/Project-Zipline-master/rtl/cr_kme/cr_kme_tlv_parser.v",1042,"No"
"kme_tb.kme_dut.u_cr_kme_core.kme_is_core.ckv_pipeline.tlv_parser.key_type9_line17a",20,"cr_kme_tlv_parser","/home/ibarry/Project-Zipline-master/rtl/cr_kme/cr_kme_tlv_parser.v",1050,"No"
"kme_tb.kme_dut.u_cr_kme_core.kme_is_core.ckv_pipeline.tlv_parser.key_type9_line17b",20,"cr_kme_tlv_parser","/home/ibarry/Project-Zipline-master/rtl/cr_kme/cr_kme_tlv_parser.v",1059,"No"
"kme_tb.kme_dut.u_cr_kme_core.kme_is_core.ckv_pipeline.tlv_parser.key_type9_line18a",20,"cr_kme_tlv_parser","/home/ibarry/Project-Zipline-master/rtl/cr_kme/cr_kme_tlv_parser.v",1066,"No"
"kme_tb.kme_dut.u_cr_kme_core.kme_is_core.ckv_pipeline.tlv_parser.key_type9_line18b",20,"cr_kme_tlv_parser","/home/ibarry/Project-Zipline-master/rtl/cr_kme/cr_kme_tlv_parser.v",1074,"No"
"kme_tb.kme_dut.u_cr_kme_core.kme_is_core.ckv_pipeline.tlv_parser.key_type9_line19a",20,"cr_kme_tlv_parser","/home/ibarry/Project-Zipline-master/rtl/cr_kme/cr_kme_tlv_parser.v",1081,"No"
"kme_tb.kme_dut.u_cr_kme_core.kme_is_core.ckv_pipeline.tlv_parser.key_type9_line19b",20,"cr_kme_tlv_parser","/home/ibarry/Project-Zipline-master/rtl/cr_kme/cr_kme_tlv_parser.v",1088,"No"
"kme_tb.kme_dut.u_cr_kme_core.kme_is_core.ckv_pipeline.tlv_parser.key_type9_line19c",20,"cr_kme_tlv_parser","/home/ibarry/Project-Zipline-master/rtl/cr_kme/cr_kme_tlv_parser.v",1094,"No"
"kme_tb.kme_dut.u_cr_kme_core.kme_is_core.ckv_pipeline.tlv_parser.key_type9_line19d",20,"cr_kme_tlv_parser","/home/ibarry/Project-Zipline-master/rtl/cr_kme/cr_kme_tlv_parser.v",1101,"No"
"kme_tb.kme_dut.u_cr_kme_core.kme_is_core.ckv_pipeline.tlv_parser.guid_miss_aux_cmd_0",20,"cr_kme_tlv_parser","/home/ibarry/Project-Zipline-master/rtl/cr_kme/cr_kme_tlv_parser.v",1234,"No"
"kme_tb.kme_dut.u_cr_kme_core.kme_is_core.ckv_pipeline.tlv_parser.guid_miss_aux_cmd_1",20,"cr_kme_tlv_parser","/home/ibarry/Project-Zipline-master/rtl/cr_kme/cr_kme_tlv_parser.v",1240,"No"
"kme_tb.kme_dut.u_cr_kme_core.kme_is_core.ckv_pipeline.tlv_parser.guid_miss_aux_cmd_2",20,"cr_kme_tlv_parser","/home/ibarry/Project-Zipline-master/rtl/cr_kme/cr_kme_tlv_parser.v",1246,"No"
"kme_tb.kme_dut.u_cr_kme_core.kme_is_core.ckv_pipeline.tlv_parser.guid_miss_aux_cmd_3",20,"cr_kme_tlv_parser","/home/ibarry/Project-Zipline-master/rtl/cr_kme/cr_kme_tlv_parser.v",1252,"No"
"kme_tb.kme_dut.u_cr_kme_core.kme_is_core.ckv_pipeline.tlv_parser.guid_miss_aux_cmd_iv_0",20,"cr_kme_tlv_parser","/home/ibarry/Project-Zipline-master/rtl/cr_kme/cr_kme_tlv_parser.v",1258,"No"
"kme_tb.kme_dut.u_cr_kme_core.kme_is_core.ckv_pipeline.tlv_parser.guid_miss_aux_cmd_iv_1",20,"cr_kme_tlv_parser","/home/ibarry/Project-Zipline-master/rtl/cr_kme/cr_kme_tlv_parser.v",1264,"No"
"kme_tb.kme_dut.u_cr_kme_core.kme_is_core.ckv_pipeline.tlv_parser.guid_miss_aux_cmd_iv_2",20,"cr_kme_tlv_parser","/home/ibarry/Project-Zipline-master/rtl/cr_kme/cr_kme_tlv_parser.v",1270,"No"
"kme_tb.kme_dut.u_cr_kme_core.kme_is_core.ckv_pipeline.tlv_parser.guid_miss_aux_cmd_iv_3",20,"cr_kme_tlv_parser","/home/ibarry/Project-Zipline-master/rtl/cr_kme/cr_kme_tlv_parser.v",1276,"No"
"kme_tb.kme_dut.u_cr_kme_core.kme_is_core.ckv_pipeline.tlv_parser.iv_miss_aux_cmd_0",20,"cr_kme_tlv_parser","/home/ibarry/Project-Zipline-master/rtl/cr_kme/cr_kme_tlv_parser.v",1282,"No"
"kme_tb.kme_dut.u_cr_kme_core.kme_is_core.ckv_pipeline.tlv_parser.iv_miss_aux_cmd_1",20,"cr_kme_tlv_parser","/home/ibarry/Project-Zipline-master/rtl/cr_kme/cr_kme_tlv_parser.v",1287,"No"
"kme_tb.kme_dut.u_cr_kme_core.kme_is_core.ckv_pipeline.tlv_parser.iv_miss_aux_cmd_guid",20,"cr_kme_tlv_parser","/home/ibarry/Project-Zipline-master/rtl/cr_kme/cr_kme_tlv_parser.v",1292,"No"
"kme_tb.kme_dut.u_cr_kme_core.kme_is_core.ckv_pipeline.tlv_parser.key_type[0].brcm_aux_cmd",20,"cr_kme_tlv_parser","/home/ibarry/Project-Zipline-master/rtl/cr_kme/cr_kme_tlv_parser.v",889,"No"
"kme_tb.kme_dut.u_cr_kme_core.kme_is_core.ckv_pipeline.tlv_parser.key_type[0].brcm_aux_cmd_iv",20,"cr_kme_tlv_parser","/home/ibarry/Project-Zipline-master/rtl/cr_kme/cr_kme_tlv_parser.v",890,"No"
"kme_tb.kme_dut.u_cr_kme_core.kme_is_core.ckv_pipeline.tlv_parser.key_type[0].brcm_aux_cmd_guid",20,"cr_kme_tlv_parser","/home/ibarry/Project-Zipline-master/rtl/cr_kme/cr_kme_tlv_parser.v",891,"No"
"kme_tb.kme_dut.u_cr_kme_core.kme_is_core.ckv_pipeline.tlv_parser.key_type[0].brcm_aux_cmd_guid_iv",20,"cr_kme_tlv_parser","/home/ibarry/Project-Zipline-master/rtl/cr_kme/cr_kme_tlv_parser.v",892,"No"
"kme_tb.kme_dut.u_cr_kme_core.kme_is_core.ckv_pipeline.tlv_parser.key_type[0].brcm_key_type",20,"cr_kme_tlv_parser","/home/ibarry/Project-Zipline-master/rtl/cr_kme/cr_kme_tlv_parser.v",893,"No"
"kme_tb.kme_dut.u_cr_kme_core.kme_is_core.ckv_pipeline.tlv_parser.key_type[1].brcm_aux_cmd",20,"cr_kme_tlv_parser","/home/ibarry/Project-Zipline-master/rtl/cr_kme/cr_kme_tlv_parser.v",889,"No"
"kme_tb.kme_dut.u_cr_kme_core.kme_is_core.ckv_pipeline.tlv_parser.key_type[1].brcm_aux_cmd_iv",20,"cr_kme_tlv_parser","/home/ibarry/Project-Zipline-master/rtl/cr_kme/cr_kme_tlv_parser.v",890,"No"
"kme_tb.kme_dut.u_cr_kme_core.kme_is_core.ckv_pipeline.tlv_parser.key_type[1].brcm_aux_cmd_guid",20,"cr_kme_tlv_parser","/home/ibarry/Project-Zipline-master/rtl/cr_kme/cr_kme_tlv_parser.v",891,"No"
"kme_tb.kme_dut.u_cr_kme_core.kme_is_core.ckv_pipeline.tlv_parser.key_type[1].brcm_aux_cmd_guid_iv",20,"cr_kme_tlv_parser","/home/ibarry/Project-Zipline-master/rtl/cr_kme/cr_kme_tlv_parser.v",892,"No"
"kme_tb.kme_dut.u_cr_kme_core.kme_is_core.ckv_pipeline.tlv_parser.key_type[1].brcm_key_type",20,"cr_kme_tlv_parser","/home/ibarry/Project-Zipline-master/rtl/cr_kme/cr_kme_tlv_parser.v",893,"No"
"kme_tb.kme_dut.u_cr_kme_core.kme_is_core.ckv_pipeline.tlv_parser.key_type[2].brcm_aux_cmd",20,"cr_kme_tlv_parser","/home/ibarry/Project-Zipline-master/rtl/cr_kme/cr_kme_tlv_parser.v",889,"No"
"kme_tb.kme_dut.u_cr_kme_core.kme_is_core.ckv_pipeline.tlv_parser.key_type[2].brcm_aux_cmd_iv",20,"cr_kme_tlv_parser","/home/ibarry/Project-Zipline-master/rtl/cr_kme/cr_kme_tlv_parser.v",890,"No"
"kme_tb.kme_dut.u_cr_kme_core.kme_is_core.ckv_pipeline.tlv_parser.key_type[2].brcm_aux_cmd_guid",20,"cr_kme_tlv_parser","/home/ibarry/Project-Zipline-master/rtl/cr_kme/cr_kme_tlv_parser.v",891,"No"
"kme_tb.kme_dut.u_cr_kme_core.kme_is_core.ckv_pipeline.tlv_parser.key_type[2].brcm_aux_cmd_guid_iv",20,"cr_kme_tlv_parser","/home/ibarry/Project-Zipline-master/rtl/cr_kme/cr_kme_tlv_parser.v",892,"No"
"kme_tb.kme_dut.u_cr_kme_core.kme_is_core.ckv_pipeline.tlv_parser.key_type[2].brcm_key_type",20,"cr_kme_tlv_parser","/home/ibarry/Project-Zipline-master/rtl/cr_kme/cr_kme_tlv_parser.v",893,"No"
"kme_tb.kme_dut.u_cr_kme_core.kme_is_core.ckv_pipeline.tlv_parser.key_type[3].brcm_aux_cmd",20,"cr_kme_tlv_parser","/home/ibarry/Project-Zipline-master/rtl/cr_kme/cr_kme_tlv_parser.v",889,"No"
"kme_tb.kme_dut.u_cr_kme_core.kme_is_core.ckv_pipeline.tlv_parser.key_type[3].brcm_aux_cmd_iv",20,"cr_kme_tlv_parser","/home/ibarry/Project-Zipline-master/rtl/cr_kme/cr_kme_tlv_parser.v",890,"No"
"kme_tb.kme_dut.u_cr_kme_core.kme_is_core.ckv_pipeline.tlv_parser.key_type[3].brcm_aux_cmd_guid",20,"cr_kme_tlv_parser","/home/ibarry/Project-Zipline-master/rtl/cr_kme/cr_kme_tlv_parser.v",891,"No"
"kme_tb.kme_dut.u_cr_kme_core.kme_is_core.ckv_pipeline.tlv_parser.key_type[3].brcm_aux_cmd_guid_iv",20,"cr_kme_tlv_parser","/home/ibarry/Project-Zipline-master/rtl/cr_kme/cr_kme_tlv_parser.v",892,"No"
"kme_tb.kme_dut.u_cr_kme_core.kme_is_core.ckv_pipeline.tlv_parser.key_type[3].brcm_key_type",20,"cr_kme_tlv_parser","/home/ibarry/Project-Zipline-master/rtl/cr_kme/cr_kme_tlv_parser.v",893,"No"
"kme_tb.kme_dut.u_cr_kme_core.kme_is_core.ckv_pipeline.tlv_parser.key_type[4].brcm_aux_cmd",20,"cr_kme_tlv_parser","/home/ibarry/Project-Zipline-master/rtl/cr_kme/cr_kme_tlv_parser.v",889,"No"
"kme_tb.kme_dut.u_cr_kme_core.kme_is_core.ckv_pipeline.tlv_parser.key_type[4].brcm_aux_cmd_iv",20,"cr_kme_tlv_parser","/home/ibarry/Project-Zipline-master/rtl/cr_kme/cr_kme_tlv_parser.v",890,"No"
"kme_tb.kme_dut.u_cr_kme_core.kme_is_core.ckv_pipeline.tlv_parser.key_type[4].brcm_aux_cmd_guid",20,"cr_kme_tlv_parser","/home/ibarry/Project-Zipline-master/rtl/cr_kme/cr_kme_tlv_parser.v",891,"No"
"kme_tb.kme_dut.u_cr_kme_core.kme_is_core.ckv_pipeline.tlv_parser.key_type[4].brcm_aux_cmd_guid_iv",20,"cr_kme_tlv_parser","/home/ibarry/Project-Zipline-master/rtl/cr_kme/cr_kme_tlv_parser.v",892,"No"
"kme_tb.kme_dut.u_cr_kme_core.kme_is_core.ckv_pipeline.tlv_parser.key_type[4].brcm_key_type",20,"cr_kme_tlv_parser","/home/ibarry/Project-Zipline-master/rtl/cr_kme/cr_kme_tlv_parser.v",893,"No"
"kme_tb.kme_dut.u_cr_kme_core.kme_is_core.ckv_pipeline.tlv_parser.key_type[5].brcm_aux_cmd",20,"cr_kme_tlv_parser","/home/ibarry/Project-Zipline-master/rtl/cr_kme/cr_kme_tlv_parser.v",889,"No"
"kme_tb.kme_dut.u_cr_kme_core.kme_is_core.ckv_pipeline.tlv_parser.key_type[5].brcm_aux_cmd_iv",20,"cr_kme_tlv_parser","/home/ibarry/Project-Zipline-master/rtl/cr_kme/cr_kme_tlv_parser.v",890,"No"
"kme_tb.kme_dut.u_cr_kme_core.kme_is_core.ckv_pipeline.tlv_parser.key_type[5].brcm_aux_cmd_guid",20,"cr_kme_tlv_parser","/home/ibarry/Project-Zipline-master/rtl/cr_kme/cr_kme_tlv_parser.v",891,"No"
"kme_tb.kme_dut.u_cr_kme_core.kme_is_core.ckv_pipeline.tlv_parser.key_type[5].brcm_aux_cmd_guid_iv",20,"cr_kme_tlv_parser","/home/ibarry/Project-Zipline-master/rtl/cr_kme/cr_kme_tlv_parser.v",892,"No"
"kme_tb.kme_dut.u_cr_kme_core.kme_is_core.ckv_pipeline.tlv_parser.key_type[5].brcm_key_type",20,"cr_kme_tlv_parser","/home/ibarry/Project-Zipline-master/rtl/cr_kme/cr_kme_tlv_parser.v",893,"No"
"kme_tb.kme_dut.u_cr_kme_core.kme_is_core.ckv_pipeline.tlv_parser.key_type[6].brcm_aux_cmd",20,"cr_kme_tlv_parser","/home/ibarry/Project-Zipline-master/rtl/cr_kme/cr_kme_tlv_parser.v",889,"No"
"kme_tb.kme_dut.u_cr_kme_core.kme_is_core.ckv_pipeline.tlv_parser.key_type[6].brcm_aux_cmd_iv",20,"cr_kme_tlv_parser","/home/ibarry/Project-Zipline-master/rtl/cr_kme/cr_kme_tlv_parser.v",890,"No"
"kme_tb.kme_dut.u_cr_kme_core.kme_is_core.ckv_pipeline.tlv_parser.key_type[6].brcm_aux_cmd_guid",20,"cr_kme_tlv_parser","/home/ibarry/Project-Zipline-master/rtl/cr_kme/cr_kme_tlv_parser.v",891,"No"
"kme_tb.kme_dut.u_cr_kme_core.kme_is_core.ckv_pipeline.tlv_parser.key_type[6].brcm_aux_cmd_guid_iv",20,"cr_kme_tlv_parser","/home/ibarry/Project-Zipline-master/rtl/cr_kme/cr_kme_tlv_parser.v",892,"No"
"kme_tb.kme_dut.u_cr_kme_core.kme_is_core.ckv_pipeline.tlv_parser.key_type[6].brcm_key_type",20,"cr_kme_tlv_parser","/home/ibarry/Project-Zipline-master/rtl/cr_kme/cr_kme_tlv_parser.v",893,"No"
"kme_tb.kme_dut.u_cr_kme_core.kme_is_core.ckv_pipeline.tlv_parser.key_type[7].brcm_aux_cmd",20,"cr_kme_tlv_parser","/home/ibarry/Project-Zipline-master/rtl/cr_kme/cr_kme_tlv_parser.v",889,"No"
"kme_tb.kme_dut.u_cr_kme_core.kme_is_core.ckv_pipeline.tlv_parser.key_type[7].brcm_aux_cmd_iv",20,"cr_kme_tlv_parser","/home/ibarry/Project-Zipline-master/rtl/cr_kme/cr_kme_tlv_parser.v",890,"No"
"kme_tb.kme_dut.u_cr_kme_core.kme_is_core.ckv_pipeline.tlv_parser.key_type[7].brcm_aux_cmd_guid",20,"cr_kme_tlv_parser","/home/ibarry/Project-Zipline-master/rtl/cr_kme/cr_kme_tlv_parser.v",891,"No"
"kme_tb.kme_dut.u_cr_kme_core.kme_is_core.ckv_pipeline.tlv_parser.key_type[7].brcm_aux_cmd_guid_iv",20,"cr_kme_tlv_parser","/home/ibarry/Project-Zipline-master/rtl/cr_kme/cr_kme_tlv_parser.v",892,"No"
"kme_tb.kme_dut.u_cr_kme_core.kme_is_core.ckv_pipeline.tlv_parser.key_type[7].brcm_key_type",20,"cr_kme_tlv_parser","/home/ibarry/Project-Zipline-master/rtl/cr_kme/cr_kme_tlv_parser.v",893,"No"
"kme_tb.kme_dut.u_cr_kme_core.kme_is_core.ckv_pipeline.tlv_parser.key_type[8].brcm_aux_cmd",20,"cr_kme_tlv_parser","/home/ibarry/Project-Zipline-master/rtl/cr_kme/cr_kme_tlv_parser.v",889,"No"
"kme_tb.kme_dut.u_cr_kme_core.kme_is_core.ckv_pipeline.tlv_parser.key_type[8].brcm_aux_cmd_iv",20,"cr_kme_tlv_parser","/home/ibarry/Project-Zipline-master/rtl/cr_kme/cr_kme_tlv_parser.v",890,"No"
"kme_tb.kme_dut.u_cr_kme_core.kme_is_core.ckv_pipeline.tlv_parser.key_type[8].brcm_aux_cmd_guid",20,"cr_kme_tlv_parser","/home/ibarry/Project-Zipline-master/rtl/cr_kme/cr_kme_tlv_parser.v",891,"No"
"kme_tb.kme_dut.u_cr_kme_core.kme_is_core.ckv_pipeline.tlv_parser.key_type[8].brcm_aux_cmd_guid_iv",20,"cr_kme_tlv_parser","/home/ibarry/Project-Zipline-master/rtl/cr_kme/cr_kme_tlv_parser.v",892,"No"
"kme_tb.kme_dut.u_cr_kme_core.kme_is_core.ckv_pipeline.tlv_parser.key_type[8].brcm_key_type",20,"cr_kme_tlv_parser","/home/ibarry/Project-Zipline-master/rtl/cr_kme/cr_kme_tlv_parser.v",893,"No"
"kme_tb.kme_dut.u_cr_kme_core.kme_is_core.ckv_pipeline.tlv_parser.key_type[9].brcm_aux_cmd",20,"cr_kme_tlv_parser","/home/ibarry/Project-Zipline-master/rtl/cr_kme/cr_kme_tlv_parser.v",889,"No"
"kme_tb.kme_dut.u_cr_kme_core.kme_is_core.ckv_pipeline.tlv_parser.key_type[9].brcm_aux_cmd_iv",20,"cr_kme_tlv_parser","/home/ibarry/Project-Zipline-master/rtl/cr_kme/cr_kme_tlv_parser.v",890,"No"
"kme_tb.kme_dut.u_cr_kme_core.kme_is_core.ckv_pipeline.tlv_parser.key_type[9].brcm_aux_cmd_guid",20,"cr_kme_tlv_parser","/home/ibarry/Project-Zipline-master/rtl/cr_kme/cr_kme_tlv_parser.v",891,"No"
"kme_tb.kme_dut.u_cr_kme_core.kme_is_core.ckv_pipeline.tlv_parser.key_type[9].brcm_aux_cmd_guid_iv",20,"cr_kme_tlv_parser","/home/ibarry/Project-Zipline-master/rtl/cr_kme/cr_kme_tlv_parser.v",892,"No"
"kme_tb.kme_dut.u_cr_kme_core.kme_is_core.ckv_pipeline.tlv_parser.key_type[9].brcm_key_type",20,"cr_kme_tlv_parser","/home/ibarry/Project-Zipline-master/rtl/cr_kme/cr_kme_tlv_parser.v",893,"No"
"kme_tb.kme_dut.u_cr_kme_core.kme_is_core.ckv_pipeline.tlv_parser.key_type[10].brcm_aux_cmd",20,"cr_kme_tlv_parser","/home/ibarry/Project-Zipline-master/rtl/cr_kme/cr_kme_tlv_parser.v",889,"No"
"kme_tb.kme_dut.u_cr_kme_core.kme_is_core.ckv_pipeline.tlv_parser.key_type[10].brcm_aux_cmd_iv",20,"cr_kme_tlv_parser","/home/ibarry/Project-Zipline-master/rtl/cr_kme/cr_kme_tlv_parser.v",890,"No"
"kme_tb.kme_dut.u_cr_kme_core.kme_is_core.ckv_pipeline.tlv_parser.key_type[10].brcm_aux_cmd_guid",20,"cr_kme_tlv_parser","/home/ibarry/Project-Zipline-master/rtl/cr_kme/cr_kme_tlv_parser.v",891,"No"
"kme_tb.kme_dut.u_cr_kme_core.kme_is_core.ckv_pipeline.tlv_parser.key_type[10].brcm_aux_cmd_guid_iv",20,"cr_kme_tlv_parser","/home/ibarry/Project-Zipline-master/rtl/cr_kme/cr_kme_tlv_parser.v",892,"No"
"kme_tb.kme_dut.u_cr_kme_core.kme_is_core.ckv_pipeline.tlv_parser.key_type[10].brcm_key_type",20,"cr_kme_tlv_parser","/home/ibarry/Project-Zipline-master/rtl/cr_kme/cr_kme_tlv_parser.v",893,"No"
"kme_tb.kme_dut.u_cr_kme_core.kme_is_core.ckv_pipeline.tlv_parser.key_type[11].brcm_aux_cmd",20,"cr_kme_tlv_parser","/home/ibarry/Project-Zipline-master/rtl/cr_kme/cr_kme_tlv_parser.v",889,"No"
"kme_tb.kme_dut.u_cr_kme_core.kme_is_core.ckv_pipeline.tlv_parser.key_type[11].brcm_aux_cmd_iv",20,"cr_kme_tlv_parser","/home/ibarry/Project-Zipline-master/rtl/cr_kme/cr_kme_tlv_parser.v",890,"No"
"kme_tb.kme_dut.u_cr_kme_core.kme_is_core.ckv_pipeline.tlv_parser.key_type[11].brcm_aux_cmd_guid",20,"cr_kme_tlv_parser","/home/ibarry/Project-Zipline-master/rtl/cr_kme/cr_kme_tlv_parser.v",891,"No"
"kme_tb.kme_dut.u_cr_kme_core.kme_is_core.ckv_pipeline.tlv_parser.key_type[11].brcm_aux_cmd_guid_iv",20,"cr_kme_tlv_parser","/home/ibarry/Project-Zipline-master/rtl/cr_kme/cr_kme_tlv_parser.v",892,"No"
"kme_tb.kme_dut.u_cr_kme_core.kme_is_core.ckv_pipeline.tlv_parser.key_type[11].brcm_key_type",20,"cr_kme_tlv_parser","/home/ibarry/Project-Zipline-master/rtl/cr_kme/cr_kme_tlv_parser.v",893,"No"
"kme_tb.kme_dut.u_cr_kme_core.kme_is_core.ckv_pipeline.tlv_parser.key_type[12].brcm_aux_cmd",20,"cr_kme_tlv_parser","/home/ibarry/Project-Zipline-master/rtl/cr_kme/cr_kme_tlv_parser.v",889,"No"
"kme_tb.kme_dut.u_cr_kme_core.kme_is_core.ckv_pipeline.tlv_parser.key_type[12].brcm_aux_cmd_iv",20,"cr_kme_tlv_parser","/home/ibarry/Project-Zipline-master/rtl/cr_kme/cr_kme_tlv_parser.v",890,"No"
"kme_tb.kme_dut.u_cr_kme_core.kme_is_core.ckv_pipeline.tlv_parser.key_type[12].brcm_aux_cmd_guid",20,"cr_kme_tlv_parser","/home/ibarry/Project-Zipline-master/rtl/cr_kme/cr_kme_tlv_parser.v",891,"No"
"kme_tb.kme_dut.u_cr_kme_core.kme_is_core.ckv_pipeline.tlv_parser.key_type[12].brcm_aux_cmd_guid_iv",20,"cr_kme_tlv_parser","/home/ibarry/Project-Zipline-master/rtl/cr_kme/cr_kme_tlv_parser.v",892,"No"
"kme_tb.kme_dut.u_cr_kme_core.kme_is_core.ckv_pipeline.tlv_parser.key_type[12].brcm_key_type",20,"cr_kme_tlv_parser","/home/ibarry/Project-Zipline-master/rtl/cr_kme/cr_kme_tlv_parser.v",893,"No"
"kme_tb.kme_dut.u_cr_kme_core.kme_is_core.ckv_pipeline.tlv_parser.key_type[13].brcm_aux_cmd",20,"cr_kme_tlv_parser","/home/ibarry/Project-Zipline-master/rtl/cr_kme/cr_kme_tlv_parser.v",889,"No"
"kme_tb.kme_dut.u_cr_kme_core.kme_is_core.ckv_pipeline.tlv_parser.key_type[13].brcm_aux_cmd_iv",20,"cr_kme_tlv_parser","/home/ibarry/Project-Zipline-master/rtl/cr_kme/cr_kme_tlv_parser.v",890,"No"
"kme_tb.kme_dut.u_cr_kme_core.kme_is_core.ckv_pipeline.tlv_parser.key_type[13].brcm_aux_cmd_guid",20,"cr_kme_tlv_parser","/home/ibarry/Project-Zipline-master/rtl/cr_kme/cr_kme_tlv_parser.v",891,"No"
"kme_tb.kme_dut.u_cr_kme_core.kme_is_core.ckv_pipeline.tlv_parser.key_type[13].brcm_aux_cmd_guid_iv",20,"cr_kme_tlv_parser","/home/ibarry/Project-Zipline-master/rtl/cr_kme/cr_kme_tlv_parser.v",892,"No"
"kme_tb.kme_dut.u_cr_kme_core.kme_is_core.ckv_pipeline.tlv_parser.key_type[13].brcm_key_type",20,"cr_kme_tlv_parser","/home/ibarry/Project-Zipline-master/rtl/cr_kme/cr_kme_tlv_parser.v",893,"No"
"kme_tb.kme_dut.u_cr_kme_core.kme_is_core.ckv_pipeline.tlv_parser.kdf_mode[0].dek_op[0].dak_op[0].brcm_kdf_ops",20,"cr_kme_tlv_parser","/home/ibarry/Project-Zipline-master/rtl/cr_kme/cr_kme_tlv_parser.v",902,"No"
"kme_tb.kme_dut.u_cr_kme_core.kme_is_core.ckv_pipeline.tlv_parser.kdf_mode[0].dek_op[0].dak_op[1].brcm_kdf_ops",20,"cr_kme_tlv_parser","/home/ibarry/Project-Zipline-master/rtl/cr_kme/cr_kme_tlv_parser.v",902,"No"
"kme_tb.kme_dut.u_cr_kme_core.kme_is_core.ckv_pipeline.tlv_parser.kdf_mode[0].dek_op[1].dak_op[0].brcm_kdf_ops",20,"cr_kme_tlv_parser","/home/ibarry/Project-Zipline-master/rtl/cr_kme/cr_kme_tlv_parser.v",902,"No"
"kme_tb.kme_dut.u_cr_kme_core.kme_is_core.ckv_pipeline.tlv_parser.kdf_mode[0].dek_op[1].dak_op[1].brcm_kdf_ops",20,"cr_kme_tlv_parser","/home/ibarry/Project-Zipline-master/rtl/cr_kme/cr_kme_tlv_parser.v",902,"No"
"kme_tb.kme_dut.u_cr_kme_core.kme_is_core.ckv_pipeline.tlv_parser.kdf_mode[1].dek_op[0].dak_op[0].brcm_kdf_ops",20,"cr_kme_tlv_parser","/home/ibarry/Project-Zipline-master/rtl/cr_kme/cr_kme_tlv_parser.v",902,"No"
"kme_tb.kme_dut.u_cr_kme_core.kme_is_core.ckv_pipeline.tlv_parser.kdf_mode[1].dek_op[0].dak_op[1].brcm_kdf_ops",20,"cr_kme_tlv_parser","/home/ibarry/Project-Zipline-master/rtl/cr_kme/cr_kme_tlv_parser.v",902,"No"
"kme_tb.kme_dut.u_cr_kme_core.kme_is_core.ckv_pipeline.tlv_parser.kdf_mode[1].dek_op[1].dak_op[0].brcm_kdf_ops",20,"cr_kme_tlv_parser","/home/ibarry/Project-Zipline-master/rtl/cr_kme/cr_kme_tlv_parser.v",902,"No"
"kme_tb.kme_dut.u_cr_kme_core.kme_is_core.ckv_pipeline.tlv_parser.kdf_mode[1].dek_op[1].dak_op[1].brcm_kdf_ops",20,"cr_kme_tlv_parser","/home/ibarry/Project-Zipline-master/rtl/cr_kme/cr_kme_tlv_parser.v",902,"No"
"kme_tb.kme_dut.u_cr_kme_core.kme_is_core.ckv_pipeline.tlv_parser.kdf_mode[2].dek_op[0].dak_op[0].brcm_kdf_ops",20,"cr_kme_tlv_parser","/home/ibarry/Project-Zipline-master/rtl/cr_kme/cr_kme_tlv_parser.v",902,"No"
"kme_tb.kme_dut.u_cr_kme_core.kme_is_core.ckv_pipeline.tlv_parser.kdf_mode[2].dek_op[0].dak_op[1].brcm_kdf_ops",20,"cr_kme_tlv_parser","/home/ibarry/Project-Zipline-master/rtl/cr_kme/cr_kme_tlv_parser.v",902,"No"
"kme_tb.kme_dut.u_cr_kme_core.kme_is_core.ckv_pipeline.tlv_parser.kdf_mode[2].dek_op[1].dak_op[0].brcm_kdf_ops",20,"cr_kme_tlv_parser","/home/ibarry/Project-Zipline-master/rtl/cr_kme/cr_kme_tlv_parser.v",902,"No"
"kme_tb.kme_dut.u_cr_kme_core.kme_is_core.ckv_pipeline.tlv_parser.kdf_mode[2].dek_op[1].dak_op[1].brcm_kdf_ops",20,"cr_kme_tlv_parser","/home/ibarry/Project-Zipline-master/rtl/cr_kme/cr_kme_tlv_parser.v",902,"No"
"kme_tb.kme_dut.u_cr_kme_core.kme_is_core.ckv_pipeline.tlv_parser.kdf_mode[3].dek_op[0].dak_op[0].brcm_kdf_ops",20,"cr_kme_tlv_parser","/home/ibarry/Project-Zipline-master/rtl/cr_kme/cr_kme_tlv_parser.v",902,"No"
"kme_tb.kme_dut.u_cr_kme_core.kme_is_core.ckv_pipeline.tlv_parser.kdf_mode[3].dek_op[0].dak_op[1].brcm_kdf_ops",20,"cr_kme_tlv_parser","/home/ibarry/Project-Zipline-master/rtl/cr_kme/cr_kme_tlv_parser.v",902,"No"
"kme_tb.kme_dut.u_cr_kme_core.kme_is_core.ckv_pipeline.tlv_parser.kdf_mode[3].dek_op[1].dak_op[0].brcm_kdf_ops",20,"cr_kme_tlv_parser","/home/ibarry/Project-Zipline-master/rtl/cr_kme/cr_kme_tlv_parser.v",902,"No"
"kme_tb.kme_dut.u_cr_kme_core.kme_is_core.ckv_pipeline.tlv_parser.kdf_mode[3].dek_op[1].dak_op[1].brcm_kdf_ops",20,"cr_kme_tlv_parser","/home/ibarry/Project-Zipline-master/rtl/cr_kme/cr_kme_tlv_parser.v",902,"No"
"kme_tb.kme_dut.u_cr_kme_core.kme_is_core.ckv_pipeline.tlv_parser.key_type_enc_dek[7].null_gcm",20,"cr_kme_tlv_parser","/home/ibarry/Project-Zipline-master/rtl/cr_kme/cr_kme_tlv_parser.v",1114,"No"
"kme_tb.kme_dut.u_cr_kme_core.kme_is_core.ckv_pipeline.tlv_parser.key_type_enc_dek[7].sha_gcm",20,"cr_kme_tlv_parser","/home/ibarry/Project-Zipline-master/rtl/cr_kme/cr_kme_tlv_parser.v",1121,"No"
"kme_tb.kme_dut.u_cr_kme_core.kme_is_core.ckv_pipeline.tlv_parser.key_type_enc_dek[7].null_xts",20,"cr_kme_tlv_parser","/home/ibarry/Project-Zipline-master/rtl/cr_kme/cr_kme_tlv_parser.v",1127,"No"
"kme_tb.kme_dut.u_cr_kme_core.kme_is_core.ckv_pipeline.tlv_parser.key_type_enc_dek[7].sha_xts",20,"cr_kme_tlv_parser","/home/ibarry/Project-Zipline-master/rtl/cr_kme/cr_kme_tlv_parser.v",1133,"No"
"kme_tb.kme_dut.u_cr_kme_core.kme_is_core.ckv_pipeline.tlv_parser.key_type_enc_dek[7].null_null",20,"cr_kme_tlv_parser","/home/ibarry/Project-Zipline-master/rtl/cr_kme/cr_kme_tlv_parser.v",1139,"No"
"kme_tb.kme_dut.u_cr_kme_core.kme_is_core.ckv_pipeline.tlv_parser.key_type_enc_dek[7].sha_null",20,"cr_kme_tlv_parser","/home/ibarry/Project-Zipline-master/rtl/cr_kme/cr_kme_tlv_parser.v",1145,"No"
"kme_tb.kme_dut.u_cr_kme_core.kme_is_core.ckv_pipeline.tlv_parser.key_type_enc_dek[7].hmac_gcm",20,"cr_kme_tlv_parser","/home/ibarry/Project-Zipline-master/rtl/cr_kme/cr_kme_tlv_parser.v",1152,"No"
"kme_tb.kme_dut.u_cr_kme_core.kme_is_core.ckv_pipeline.tlv_parser.key_type_enc_dek[7].hmac_xts",20,"cr_kme_tlv_parser","/home/ibarry/Project-Zipline-master/rtl/cr_kme/cr_kme_tlv_parser.v",1158,"No"
"kme_tb.kme_dut.u_cr_kme_core.kme_is_core.ckv_pipeline.tlv_parser.key_type_enc_dek[7].hmac_null",20,"cr_kme_tlv_parser","/home/ibarry/Project-Zipline-master/rtl/cr_kme/cr_kme_tlv_parser.v",1164,"No"
"kme_tb.kme_dut.u_cr_kme_core.kme_is_core.ckv_pipeline.tlv_parser.key_type_enc_dek[8].null_gcm",20,"cr_kme_tlv_parser","/home/ibarry/Project-Zipline-master/rtl/cr_kme/cr_kme_tlv_parser.v",1114,"No"
"kme_tb.kme_dut.u_cr_kme_core.kme_is_core.ckv_pipeline.tlv_parser.key_type_enc_dek[8].sha_gcm",20,"cr_kme_tlv_parser","/home/ibarry/Project-Zipline-master/rtl/cr_kme/cr_kme_tlv_parser.v",1121,"No"
"kme_tb.kme_dut.u_cr_kme_core.kme_is_core.ckv_pipeline.tlv_parser.key_type_enc_dek[8].null_xts",20,"cr_kme_tlv_parser","/home/ibarry/Project-Zipline-master/rtl/cr_kme/cr_kme_tlv_parser.v",1127,"No"
"kme_tb.kme_dut.u_cr_kme_core.kme_is_core.ckv_pipeline.tlv_parser.key_type_enc_dek[8].sha_xts",20,"cr_kme_tlv_parser","/home/ibarry/Project-Zipline-master/rtl/cr_kme/cr_kme_tlv_parser.v",1133,"No"
"kme_tb.kme_dut.u_cr_kme_core.kme_is_core.ckv_pipeline.tlv_parser.key_type_enc_dek[8].null_null",20,"cr_kme_tlv_parser","/home/ibarry/Project-Zipline-master/rtl/cr_kme/cr_kme_tlv_parser.v",1139,"No"
"kme_tb.kme_dut.u_cr_kme_core.kme_is_core.ckv_pipeline.tlv_parser.key_type_enc_dek[8].sha_null",20,"cr_kme_tlv_parser","/home/ibarry/Project-Zipline-master/rtl/cr_kme/cr_kme_tlv_parser.v",1145,"No"
"kme_tb.kme_dut.u_cr_kme_core.kme_is_core.ckv_pipeline.tlv_parser.key_type_enc_dek[8].hmac_gcm",20,"cr_kme_tlv_parser","/home/ibarry/Project-Zipline-master/rtl/cr_kme/cr_kme_tlv_parser.v",1152,"No"
"kme_tb.kme_dut.u_cr_kme_core.kme_is_core.ckv_pipeline.tlv_parser.key_type_enc_dek[8].hmac_xts",20,"cr_kme_tlv_parser","/home/ibarry/Project-Zipline-master/rtl/cr_kme/cr_kme_tlv_parser.v",1158,"No"
"kme_tb.kme_dut.u_cr_kme_core.kme_is_core.ckv_pipeline.tlv_parser.key_type_enc_dek[8].hmac_null",20,"cr_kme_tlv_parser","/home/ibarry/Project-Zipline-master/rtl/cr_kme/cr_kme_tlv_parser.v",1164,"No"
"kme_tb.kme_dut.u_cr_kme_core.kme_is_core.ckv_pipeline.tlv_parser.key_type_enc_dek_dak[10].null_gcm",20,"cr_kme_tlv_parser","/home/ibarry/Project-Zipline-master/rtl/cr_kme/cr_kme_tlv_parser.v",1175,"No"
"kme_tb.kme_dut.u_cr_kme_core.kme_is_core.ckv_pipeline.tlv_parser.key_type_enc_dek_dak[10].sha_gcm",20,"cr_kme_tlv_parser","/home/ibarry/Project-Zipline-master/rtl/cr_kme/cr_kme_tlv_parser.v",1182,"No"
"kme_tb.kme_dut.u_cr_kme_core.kme_is_core.ckv_pipeline.tlv_parser.key_type_enc_dek_dak[10].null_xts",20,"cr_kme_tlv_parser","/home/ibarry/Project-Zipline-master/rtl/cr_kme/cr_kme_tlv_parser.v",1188,"No"
"kme_tb.kme_dut.u_cr_kme_core.kme_is_core.ckv_pipeline.tlv_parser.key_type_enc_dek_dak[10].sha_xts",20,"cr_kme_tlv_parser","/home/ibarry/Project-Zipline-master/rtl/cr_kme/cr_kme_tlv_parser.v",1194,"No"
"kme_tb.kme_dut.u_cr_kme_core.kme_is_core.ckv_pipeline.tlv_parser.key_type_enc_dek_dak[10].null_null",20,"cr_kme_tlv_parser","/home/ibarry/Project-Zipline-master/rtl/cr_kme/cr_kme_tlv_parser.v",1200,"No"
"kme_tb.kme_dut.u_cr_kme_core.kme_is_core.ckv_pipeline.tlv_parser.key_type_enc_dek_dak[10].sha_null",20,"cr_kme_tlv_parser","/home/ibarry/Project-Zipline-master/rtl/cr_kme/cr_kme_tlv_parser.v",1206,"No"
"kme_tb.kme_dut.u_cr_kme_core.kme_is_core.ckv_pipeline.tlv_parser.key_type_enc_dek_dak[10].hmac_gcm",20,"cr_kme_tlv_parser","/home/ibarry/Project-Zipline-master/rtl/cr_kme/cr_kme_tlv_parser.v",1213,"No"
"kme_tb.kme_dut.u_cr_kme_core.kme_is_core.ckv_pipeline.tlv_parser.key_type_enc_dek_dak[10].hmac_xts",20,"cr_kme_tlv_parser","/home/ibarry/Project-Zipline-master/rtl/cr_kme/cr_kme_tlv_parser.v",1219,"No"
"kme_tb.kme_dut.u_cr_kme_core.kme_is_core.ckv_pipeline.tlv_parser.key_type_enc_dek_dak[10].hmac_null",20,"cr_kme_tlv_parser","/home/ibarry/Project-Zipline-master/rtl/cr_kme/cr_kme_tlv_parser.v",1225,"No"
"kme_tb.kme_dut.u_cr_kme_core.kme_is_core.ckv_pipeline.tlv_parser.key_type_enc_dek_dak[11].null_gcm",20,"cr_kme_tlv_parser","/home/ibarry/Project-Zipline-master/rtl/cr_kme/cr_kme_tlv_parser.v",1175,"No"
"kme_tb.kme_dut.u_cr_kme_core.kme_is_core.ckv_pipeline.tlv_parser.key_type_enc_dek_dak[11].sha_gcm",20,"cr_kme_tlv_parser","/home/ibarry/Project-Zipline-master/rtl/cr_kme/cr_kme_tlv_parser.v",1182,"No"
"kme_tb.kme_dut.u_cr_kme_core.kme_is_core.ckv_pipeline.tlv_parser.key_type_enc_dek_dak[11].null_xts",20,"cr_kme_tlv_parser","/home/ibarry/Project-Zipline-master/rtl/cr_kme/cr_kme_tlv_parser.v",1188,"No"
"kme_tb.kme_dut.u_cr_kme_core.kme_is_core.ckv_pipeline.tlv_parser.key_type_enc_dek_dak[11].sha_xts",20,"cr_kme_tlv_parser","/home/ibarry/Project-Zipline-master/rtl/cr_kme/cr_kme_tlv_parser.v",1194,"No"
"kme_tb.kme_dut.u_cr_kme_core.kme_is_core.ckv_pipeline.tlv_parser.key_type_enc_dek_dak[11].null_null",20,"cr_kme_tlv_parser","/home/ibarry/Project-Zipline-master/rtl/cr_kme/cr_kme_tlv_parser.v",1200,"No"
"kme_tb.kme_dut.u_cr_kme_core.kme_is_core.ckv_pipeline.tlv_parser.key_type_enc_dek_dak[11].sha_null",20,"cr_kme_tlv_parser","/home/ibarry/Project-Zipline-master/rtl/cr_kme/cr_kme_tlv_parser.v",1206,"No"
"kme_tb.kme_dut.u_cr_kme_core.kme_is_core.ckv_pipeline.tlv_parser.key_type_enc_dek_dak[11].hmac_gcm",20,"cr_kme_tlv_parser","/home/ibarry/Project-Zipline-master/rtl/cr_kme/cr_kme_tlv_parser.v",1213,"No"
"kme_tb.kme_dut.u_cr_kme_core.kme_is_core.ckv_pipeline.tlv_parser.key_type_enc_dek_dak[11].hmac_xts",20,"cr_kme_tlv_parser","/home/ibarry/Project-Zipline-master/rtl/cr_kme/cr_kme_tlv_parser.v",1219,"No"
"kme_tb.kme_dut.u_cr_kme_core.kme_is_core.ckv_pipeline.tlv_parser.key_type_enc_dek_dak[11].hmac_null",20,"cr_kme_tlv_parser","/home/ibarry/Project-Zipline-master/rtl/cr_kme/cr_kme_tlv_parser.v",1225,"No"
"kme_tb.kme_dut.u_cr_kme_core.kme_is_core.ckv_pipeline.tlv_parser.key_type_enc_dek_dak[12].null_gcm",20,"cr_kme_tlv_parser","/home/ibarry/Project-Zipline-master/rtl/cr_kme/cr_kme_tlv_parser.v",1175,"No"
"kme_tb.kme_dut.u_cr_kme_core.kme_is_core.ckv_pipeline.tlv_parser.key_type_enc_dek_dak[12].sha_gcm",20,"cr_kme_tlv_parser","/home/ibarry/Project-Zipline-master/rtl/cr_kme/cr_kme_tlv_parser.v",1182,"No"
"kme_tb.kme_dut.u_cr_kme_core.kme_is_core.ckv_pipeline.tlv_parser.key_type_enc_dek_dak[12].null_xts",20,"cr_kme_tlv_parser","/home/ibarry/Project-Zipline-master/rtl/cr_kme/cr_kme_tlv_parser.v",1188,"No"
"kme_tb.kme_dut.u_cr_kme_core.kme_is_core.ckv_pipeline.tlv_parser.key_type_enc_dek_dak[12].sha_xts",20,"cr_kme_tlv_parser","/home/ibarry/Project-Zipline-master/rtl/cr_kme/cr_kme_tlv_parser.v",1194,"No"
"kme_tb.kme_dut.u_cr_kme_core.kme_is_core.ckv_pipeline.tlv_parser.key_type_enc_dek_dak[12].null_null",20,"cr_kme_tlv_parser","/home/ibarry/Project-Zipline-master/rtl/cr_kme/cr_kme_tlv_parser.v",1200,"No"
"kme_tb.kme_dut.u_cr_kme_core.kme_is_core.ckv_pipeline.tlv_parser.key_type_enc_dek_dak[12].sha_null",20,"cr_kme_tlv_parser","/home/ibarry/Project-Zipline-master/rtl/cr_kme/cr_kme_tlv_parser.v",1206,"No"
"kme_tb.kme_dut.u_cr_kme_core.kme_is_core.ckv_pipeline.tlv_parser.key_type_enc_dek_dak[12].hmac_gcm",20,"cr_kme_tlv_parser","/home/ibarry/Project-Zipline-master/rtl/cr_kme/cr_kme_tlv_parser.v",1213,"No"
"kme_tb.kme_dut.u_cr_kme_core.kme_is_core.ckv_pipeline.tlv_parser.key_type_enc_dek_dak[12].hmac_xts",20,"cr_kme_tlv_parser","/home/ibarry/Project-Zipline-master/rtl/cr_kme/cr_kme_tlv_parser.v",1219,"No"
"kme_tb.kme_dut.u_cr_kme_core.kme_is_core.ckv_pipeline.tlv_parser.key_type_enc_dek_dak[12].hmac_null",20,"cr_kme_tlv_parser","/home/ibarry/Project-Zipline-master/rtl/cr_kme/cr_kme_tlv_parser.v",1225,"No"
"kme_tb.kme_dut.u_cr_kme_core.kme_is_core.ckv_pipeline.tlv_parser.key_type_enc_dek_dak[13].null_gcm",20,"cr_kme_tlv_parser","/home/ibarry/Project-Zipline-master/rtl/cr_kme/cr_kme_tlv_parser.v",1175,"No"
"kme_tb.kme_dut.u_cr_kme_core.kme_is_core.ckv_pipeline.tlv_parser.key_type_enc_dek_dak[13].sha_gcm",20,"cr_kme_tlv_parser","/home/ibarry/Project-Zipline-master/rtl/cr_kme/cr_kme_tlv_parser.v",1182,"No"
"kme_tb.kme_dut.u_cr_kme_core.kme_is_core.ckv_pipeline.tlv_parser.key_type_enc_dek_dak[13].null_xts",20,"cr_kme_tlv_parser","/home/ibarry/Project-Zipline-master/rtl/cr_kme/cr_kme_tlv_parser.v",1188,"No"
"kme_tb.kme_dut.u_cr_kme_core.kme_is_core.ckv_pipeline.tlv_parser.key_type_enc_dek_dak[13].sha_xts",20,"cr_kme_tlv_parser","/home/ibarry/Project-Zipline-master/rtl/cr_kme/cr_kme_tlv_parser.v",1194,"No"
"kme_tb.kme_dut.u_cr_kme_core.kme_is_core.ckv_pipeline.tlv_parser.key_type_enc_dek_dak[13].null_null",20,"cr_kme_tlv_parser","/home/ibarry/Project-Zipline-master/rtl/cr_kme/cr_kme_tlv_parser.v",1200,"No"
"kme_tb.kme_dut.u_cr_kme_core.kme_is_core.ckv_pipeline.tlv_parser.key_type_enc_dek_dak[13].sha_null",20,"cr_kme_tlv_parser","/home/ibarry/Project-Zipline-master/rtl/cr_kme/cr_kme_tlv_parser.v",1206,"No"
"kme_tb.kme_dut.u_cr_kme_core.kme_is_core.ckv_pipeline.tlv_parser.key_type_enc_dek_dak[13].hmac_gcm",20,"cr_kme_tlv_parser","/home/ibarry/Project-Zipline-master/rtl/cr_kme/cr_kme_tlv_parser.v",1213,"No"
"kme_tb.kme_dut.u_cr_kme_core.kme_is_core.ckv_pipeline.tlv_parser.key_type_enc_dek_dak[13].hmac_xts",20,"cr_kme_tlv_parser","/home/ibarry/Project-Zipline-master/rtl/cr_kme/cr_kme_tlv_parser.v",1219,"No"
"kme_tb.kme_dut.u_cr_kme_core.kme_is_core.ckv_pipeline.tlv_parser.key_type_enc_dek_dak[13].hmac_null",20,"cr_kme_tlv_parser","/home/ibarry/Project-Zipline-master/rtl/cr_kme/cr_kme_tlv_parser.v",1225,"No"
"kme_tb.kme_dut.u_cr_kme_core.kme_is_core.ckv_pipeline.kim_drng_reader.key_type_enc_dek[2].disable_unenc_keys",20,"cr_kme_kim_drng_reader","/home/ibarry/Project-Zipline-master/rtl/cr_kme/cr_kme_kim_drng_reader.v",591,"No"
"kme_tb.kme_dut.u_cr_kme_core.kme_is_core.ckv_pipeline.kim_drng_reader.key_type_enc_dek[2].enable_unenc_keys",20,"cr_kme_kim_drng_reader","/home/ibarry/Project-Zipline-master/rtl/cr_kme/cr_kme_kim_drng_reader.v",596,"No"
"kme_tb.kme_dut.u_cr_kme_core.kme_is_core.ckv_pipeline.kim_drng_reader.key_type_enc_dek[3].disable_unenc_keys",20,"cr_kme_kim_drng_reader","/home/ibarry/Project-Zipline-master/rtl/cr_kme/cr_kme_kim_drng_reader.v",591,"No"
"kme_tb.kme_dut.u_cr_kme_core.kme_is_core.ckv_pipeline.kim_drng_reader.key_type_enc_dek[3].enable_unenc_keys",20,"cr_kme_kim_drng_reader","/home/ibarry/Project-Zipline-master/rtl/cr_kme/cr_kme_kim_drng_reader.v",596,"No"
"kme_tb.kme_dut.u_cr_kme_core.kme_is_core.ckv_pipeline.kim_drng_reader.key_type_enc_dek[4].disable_unenc_keys",20,"cr_kme_kim_drng_reader","/home/ibarry/Project-Zipline-master/rtl/cr_kme/cr_kme_kim_drng_reader.v",591,"No"
"kme_tb.kme_dut.u_cr_kme_core.kme_is_core.ckv_pipeline.kim_drng_reader.key_type_enc_dek[4].enable_unenc_keys",20,"cr_kme_kim_drng_reader","/home/ibarry/Project-Zipline-master/rtl/cr_kme/cr_kme_kim_drng_reader.v",596,"No"
"kme_tb.kme_dut.u_cr_kme_core.kme_is_core.ckv_pipeline.kim_drng_reader.key_type_enc_dek[5].disable_unenc_keys",20,"cr_kme_kim_drng_reader","/home/ibarry/Project-Zipline-master/rtl/cr_kme/cr_kme_kim_drng_reader.v",591,"No"
"kme_tb.kme_dut.u_cr_kme_core.kme_is_core.ckv_pipeline.kim_drng_reader.key_type_enc_dek[5].enable_unenc_keys",20,"cr_kme_kim_drng_reader","/home/ibarry/Project-Zipline-master/rtl/cr_kme/cr_kme_kim_drng_reader.v",596,"No"
"kme_tb.kme_dut.u_cr_kme_core.kme_is_core.ckv_pipeline.kim_drng_reader.key_type_enc_dek[6].disable_unenc_keys",20,"cr_kme_kim_drng_reader","/home/ibarry/Project-Zipline-master/rtl/cr_kme/cr_kme_kim_drng_reader.v",591,"No"
"kme_tb.kme_dut.u_cr_kme_core.kme_is_core.ckv_pipeline.kim_drng_reader.key_type_enc_dek[6].enable_unenc_keys",20,"cr_kme_kim_drng_reader","/home/ibarry/Project-Zipline-master/rtl/cr_kme/cr_kme_kim_drng_reader.v",596,"No"
"kme_tb.kme_dut.u_cr_kme_core.kme_is_core.ckv_pipeline.ckv_reader.ckv_data_fifo.std_fifo.depth_n.fifo_ctrl.fifo_entries_reached_DEPTH",20,"nx_fifo_ctrl","/home/ibarry/Project-Zipline-master/rtl/common/nx_library/nx_fifo_ctrl.v",152,"No"
"kme_tb.kme_dut.u_cr_kme_core.kme_is_core.ckv_pipeline.ckv_reader.ckv_data_fifo.std_fifo.depth_n.fifo_ctrl.cover_depth[0].fifo_entries_reached_i",20,"nx_fifo_ctrl","/home/ibarry/Project-Zipline-master/rtl/common/nx_library/nx_fifo_ctrl.v",149,"No"
"kme_tb.kme_dut.u_cr_kme_core.kme_is_core.ckv_pipeline.ckv_reader.ckv_data_fifo.std_fifo.depth_n.fifo_ctrl.cover_depth[1].fifo_entries_reached_i",20,"nx_fifo_ctrl","/home/ibarry/Project-Zipline-master/rtl/common/nx_library/nx_fifo_ctrl.v",149,"No"
"kme_tb.kme_dut.u_cr_kme_core.kme_is_core.ckv_pipeline.ckv_reader.ckv_len[0].brcm_dek_key",20,"cr_kme_ckv_reader","/home/ibarry/Project-Zipline-master/rtl/cr_kme/cr_kme_ckv_reader.v",296,"No"
"kme_tb.kme_dut.u_cr_kme_core.kme_is_core.ckv_pipeline.ckv_reader.ckv_len[0].brcm_dak_key",20,"cr_kme_ckv_reader","/home/ibarry/Project-Zipline-master/rtl/cr_kme/cr_kme_ckv_reader.v",297,"No"
"kme_tb.kme_dut.u_cr_kme_core.kme_is_core.ckv_pipeline.ckv_reader.ckv_len[1].brcm_dek_key",20,"cr_kme_ckv_reader","/home/ibarry/Project-Zipline-master/rtl/cr_kme/cr_kme_ckv_reader.v",296,"No"
"kme_tb.kme_dut.u_cr_kme_core.kme_is_core.ckv_pipeline.ckv_reader.ckv_len[1].brcm_dak_key",20,"cr_kme_ckv_reader","/home/ibarry/Project-Zipline-master/rtl/cr_kme/cr_kme_ckv_reader.v",297,"No"
"kme_tb.kme_dut.u_cr_kme_core.kme_is_core.ckv_pipeline.ckv_reader.ckv_len[2].brcm_dek_key",20,"cr_kme_ckv_reader","/home/ibarry/Project-Zipline-master/rtl/cr_kme/cr_kme_ckv_reader.v",296,"No"
"kme_tb.kme_dut.u_cr_kme_core.kme_is_core.ckv_pipeline.ckv_reader.ckv_len[2].brcm_dak_key",20,"cr_kme_ckv_reader","/home/ibarry/Project-Zipline-master/rtl/cr_kme/cr_kme_ckv_reader.v",297,"No"
"kme_tb.kme_dut.u_cr_kme_core.kme_is_core.ckv_pipeline.ckv_reader.ckv_len[3].brcm_dek_key",20,"cr_kme_ckv_reader","/home/ibarry/Project-Zipline-master/rtl/cr_kme/cr_kme_ckv_reader.v",296,"No"
"kme_tb.kme_dut.u_cr_kme_core.kme_is_core.ckv_pipeline.ckv_reader.ckv_len[3].brcm_dak_key",20,"cr_kme_ckv_reader","/home/ibarry/Project-Zipline-master/rtl/cr_kme/cr_kme_ckv_reader.v",297,"No"
"kme_tb.kme_dut.u_cr_kme_core.kme_is_core.cceip_encrypt_kop_fifo.ram_fifo.ram_fifo.u_nx_fifo_ram_1r1w.fifo_ctrl._asrtLbl279",20,"nx_fifo_ctrl_ram_1r1w","/home/ibarry/Project-Zipline-master/rtl/common/nx_library/nx_fifo_ctrl_ram_1r1w.v",279,"No"
"kme_tb.kme_dut.u_cr_kme_core.kme_is_core.cceip_validate_kop_fifo.ram_fifo.ram_fifo.u_nx_fifo_ram_1r1w.fifo_ctrl._asrtLbl279",20,"nx_fifo_ctrl_ram_1r1w","/home/ibarry/Project-Zipline-master/rtl/common/nx_library/nx_fifo_ctrl_ram_1r1w.v",279,"No"
"kme_tb.kme_dut.u_cr_kme_core.kme_is_core.cceip_encrypt_kop.tlv_inspector.brcm_gcm_dek256_with_512bit_key",20,"cr_kme_kop_tlv_inspector","/home/ibarry/Project-Zipline-master/rtl/cr_kme/cr_kme_kop_tlv_inspector.v",577,"No"
"kme_tb.kme_dut.u_cr_kme_core.kme_is_core.cceip_encrypt_kop.tlv_inspector.brcm_gcm_dek512_with_512bit_key",20,"cr_kme_kop_tlv_inspector","/home/ibarry/Project-Zipline-master/rtl/cr_kme/cr_kme_kop_tlv_inspector.v",578,"No"
"kme_tb.kme_dut.u_cr_kme_core.kme_is_core.cceip_encrypt_kop.tlv_inspector.brcm_gcm_dek256dak_with_512bit_key",20,"cr_kme_kop_tlv_inspector","/home/ibarry/Project-Zipline-master/rtl/cr_kme/cr_kme_kop_tlv_inspector.v",579,"No"
"kme_tb.kme_dut.u_cr_kme_core.kme_is_core.cceip_encrypt_kop.tlv_inspector.brcm_gcm_dek512dak_with_512bit_key",20,"cr_kme_kop_tlv_inspector","/home/ibarry/Project-Zipline-master/rtl/cr_kme/cr_kme_kop_tlv_inspector.v",580,"No"
"kme_tb.kme_dut.u_cr_kme_core.kme_is_core.cceip_encrypt_kop.tlv_inspector.brcm_gcm_enc_dek256_no_kbk",20,"cr_kme_kop_tlv_inspector","/home/ibarry/Project-Zipline-master/rtl/cr_kme/cr_kme_kop_tlv_inspector.v",583,"No"
"kme_tb.kme_dut.u_cr_kme_core.kme_is_core.cceip_encrypt_kop.tlv_inspector.brcm_gcm_enc_dek512_no_kbk",20,"cr_kme_kop_tlv_inspector","/home/ibarry/Project-Zipline-master/rtl/cr_kme/cr_kme_kop_tlv_inspector.v",584,"No"
"kme_tb.kme_dut.u_cr_kme_core.kme_is_core.cceip_encrypt_kop.tlv_inspector.brcm_gcm_enc_dek256_comb_no_kbk",20,"cr_kme_kop_tlv_inspector","/home/ibarry/Project-Zipline-master/rtl/cr_kme/cr_kme_kop_tlv_inspector.v",585,"No"
"kme_tb.kme_dut.u_cr_kme_core.kme_is_core.cceip_encrypt_kop.tlv_inspector.brcm_gcm_enc_dek512_comb_no_kbk",20,"cr_kme_kop_tlv_inspector","/home/ibarry/Project-Zipline-master/rtl/cr_kme/cr_kme_kop_tlv_inspector.v",586,"No"
"kme_tb.kme_dut.u_cr_kme_core.kme_is_core.cceip_encrypt_kop.tlv_inspector.brcm_tlv_sb_stall_on_guid",20,"cr_kme_kop_tlv_inspector","/home/ibarry/Project-Zipline-master/rtl/cr_kme/cr_kme_kop_tlv_inspector.v",615,"No"
"kme_tb.kme_dut.u_cr_kme_core.kme_is_core.cceip_encrypt_kop.tlv_inspector.op[0].brcm_gcm",20,"cr_kme_kop_tlv_inspector","/home/ibarry/Project-Zipline-master/rtl/cr_kme/cr_kme_kop_tlv_inspector.v",573,"No"
"kme_tb.kme_dut.u_cr_kme_core.kme_is_core.cceip_encrypt_kop.tlv_inspector.op[1].brcm_gcm",20,"cr_kme_kop_tlv_inspector","/home/ibarry/Project-Zipline-master/rtl/cr_kme/cr_kme_kop_tlv_inspector.v",573,"No"
"kme_tb.kme_dut.u_cr_kme_core.kme_is_core.cceip_encrypt_kop.tlv_inspector.op[2].brcm_gcm",20,"cr_kme_kop_tlv_inspector","/home/ibarry/Project-Zipline-master/rtl/cr_kme/cr_kme_kop_tlv_inspector.v",573,"No"
"kme_tb.kme_dut.u_cr_kme_core.kme_is_core.cceip_encrypt_kop.tlv_inspector.op[3].brcm_gcm",20,"cr_kme_kop_tlv_inspector","/home/ibarry/Project-Zipline-master/rtl/cr_kme/cr_kme_kop_tlv_inspector.v",573,"No"
"kme_tb.kme_dut.u_cr_kme_core.kme_is_core.cceip_encrypt_kop.tlv_inspector.op[4].brcm_gcm",20,"cr_kme_kop_tlv_inspector","/home/ibarry/Project-Zipline-master/rtl/cr_kme/cr_kme_kop_tlv_inspector.v",573,"No"
"kme_tb.kme_dut.u_cr_kme_core.kme_is_core.cceip_encrypt_kop.tlv_inspector.op[5].brcm_gcm",20,"cr_kme_kop_tlv_inspector","/home/ibarry/Project-Zipline-master/rtl/cr_kme/cr_kme_kop_tlv_inspector.v",573,"No"
"kme_tb.kme_dut.u_cr_kme_core.kme_is_core.cceip_encrypt_kop.tlv_inspector.op[6].brcm_gcm",20,"cr_kme_kop_tlv_inspector","/home/ibarry/Project-Zipline-master/rtl/cr_kme/cr_kme_kop_tlv_inspector.v",573,"No"
"kme_tb.kme_dut.u_cr_kme_core.kme_is_core.cceip_encrypt_kop.tlv_inspector.op[7].brcm_gcm",20,"cr_kme_kop_tlv_inspector","/home/ibarry/Project-Zipline-master/rtl/cr_kme/cr_kme_kop_tlv_inspector.v",573,"No"
"kme_tb.kme_dut.u_cr_kme_core.kme_is_core.cceip_encrypt_kop.tlv_inspector.guid[0].delimiter[0].brcm_kdf_label0_8",20,"cr_kme_kop_tlv_inspector","/home/ibarry/Project-Zipline-master/rtl/cr_kme/cr_kme_kop_tlv_inspector.v",595,"No"
"kme_tb.kme_dut.u_cr_kme_core.kme_is_core.cceip_encrypt_kop.tlv_inspector.guid[0].delimiter[0].brcm_kdf_label9_16",20,"cr_kme_kop_tlv_inspector","/home/ibarry/Project-Zipline-master/rtl/cr_kme/cr_kme_kop_tlv_inspector.v",600,"No"
"kme_tb.kme_dut.u_cr_kme_core.kme_is_core.cceip_encrypt_kop.tlv_inspector.guid[0].delimiter[0].brcm_kdf_label17_24",20,"cr_kme_kop_tlv_inspector","/home/ibarry/Project-Zipline-master/rtl/cr_kme/cr_kme_kop_tlv_inspector.v",605,"No"
"kme_tb.kme_dut.u_cr_kme_core.kme_is_core.cceip_encrypt_kop.tlv_inspector.guid[0].delimiter[0].brcm_kdf_label25_32",20,"cr_kme_kop_tlv_inspector","/home/ibarry/Project-Zipline-master/rtl/cr_kme/cr_kme_kop_tlv_inspector.v",610,"No"
"kme_tb.kme_dut.u_cr_kme_core.kme_is_core.cceip_encrypt_kop.tlv_inspector.guid[0].delimiter[1].brcm_kdf_label0_8",20,"cr_kme_kop_tlv_inspector","/home/ibarry/Project-Zipline-master/rtl/cr_kme/cr_kme_kop_tlv_inspector.v",595,"No"
"kme_tb.kme_dut.u_cr_kme_core.kme_is_core.cceip_encrypt_kop.tlv_inspector.guid[0].delimiter[1].brcm_kdf_label9_16",20,"cr_kme_kop_tlv_inspector","/home/ibarry/Project-Zipline-master/rtl/cr_kme/cr_kme_kop_tlv_inspector.v",600,"No"
"kme_tb.kme_dut.u_cr_kme_core.kme_is_core.cceip_encrypt_kop.tlv_inspector.guid[0].delimiter[1].brcm_kdf_label17_24",20,"cr_kme_kop_tlv_inspector","/home/ibarry/Project-Zipline-master/rtl/cr_kme/cr_kme_kop_tlv_inspector.v",605,"No"
"kme_tb.kme_dut.u_cr_kme_core.kme_is_core.cceip_encrypt_kop.tlv_inspector.guid[0].delimiter[1].brcm_kdf_label25_32",20,"cr_kme_kop_tlv_inspector","/home/ibarry/Project-Zipline-master/rtl/cr_kme/cr_kme_kop_tlv_inspector.v",610,"No"
"kme_tb.kme_dut.u_cr_kme_core.kme_is_core.cceip_encrypt_kop.tlv_inspector.guid[1].delimiter[0].brcm_kdf_label0_8",20,"cr_kme_kop_tlv_inspector","/home/ibarry/Project-Zipline-master/rtl/cr_kme/cr_kme_kop_tlv_inspector.v",595,"No"
"kme_tb.kme_dut.u_cr_kme_core.kme_is_core.cceip_encrypt_kop.tlv_inspector.guid[1].delimiter[0].brcm_kdf_label9_16",20,"cr_kme_kop_tlv_inspector","/home/ibarry/Project-Zipline-master/rtl/cr_kme/cr_kme_kop_tlv_inspector.v",600,"No"
"kme_tb.kme_dut.u_cr_kme_core.kme_is_core.cceip_encrypt_kop.tlv_inspector.guid[1].delimiter[0].brcm_kdf_label17_24",20,"cr_kme_kop_tlv_inspector","/home/ibarry/Project-Zipline-master/rtl/cr_kme/cr_kme_kop_tlv_inspector.v",605,"No"
"kme_tb.kme_dut.u_cr_kme_core.kme_is_core.cceip_encrypt_kop.tlv_inspector.guid[1].delimiter[0].brcm_kdf_label25_32",20,"cr_kme_kop_tlv_inspector","/home/ibarry/Project-Zipline-master/rtl/cr_kme/cr_kme_kop_tlv_inspector.v",610,"No"
"kme_tb.kme_dut.u_cr_kme_core.kme_is_core.cceip_encrypt_kop.tlv_inspector.guid[1].delimiter[1].brcm_kdf_label0_8",20,"cr_kme_kop_tlv_inspector","/home/ibarry/Project-Zipline-master/rtl/cr_kme/cr_kme_kop_tlv_inspector.v",595,"No"
"kme_tb.kme_dut.u_cr_kme_core.kme_is_core.cceip_encrypt_kop.tlv_inspector.guid[1].delimiter[1].brcm_kdf_label9_16",20,"cr_kme_kop_tlv_inspector","/home/ibarry/Project-Zipline-master/rtl/cr_kme/cr_kme_kop_tlv_inspector.v",600,"No"
"kme_tb.kme_dut.u_cr_kme_core.kme_is_core.cceip_encrypt_kop.tlv_inspector.guid[1].delimiter[1].brcm_kdf_label17_24",20,"cr_kme_kop_tlv_inspector","/home/ibarry/Project-Zipline-master/rtl/cr_kme/cr_kme_kop_tlv_inspector.v",605,"No"
"kme_tb.kme_dut.u_cr_kme_core.kme_is_core.cceip_encrypt_kop.tlv_inspector.guid[1].delimiter[1].brcm_kdf_label25_32",20,"cr_kme_kop_tlv_inspector","/home/ibarry/Project-Zipline-master/rtl/cr_kme/cr_kme_kop_tlv_inspector.v",610,"No"
"kme_tb.kme_dut.u_cr_kme_core.kme_is_core.cceip_encrypt_kop.gcm.bypass_fifo.std_fifo.depth_n.fifo_ctrl.fifo_entries_reached_DEPTH",20,"nx_fifo_ctrl","/home/ibarry/Project-Zipline-master/rtl/common/nx_library/nx_fifo_ctrl.v",152,"No"
"kme_tb.kme_dut.u_cr_kme_core.kme_is_core.cceip_encrypt_kop.gcm.bypass_fifo.std_fifo.depth_n.fifo_ctrl.cover_depth[0].fifo_entries_reached_i",20,"nx_fifo_ctrl","/home/ibarry/Project-Zipline-master/rtl/common/nx_library/nx_fifo_ctrl.v",149,"No"
"kme_tb.kme_dut.u_cr_kme_core.kme_is_core.cceip_encrypt_kop.gcm.bypass_fifo.std_fifo.depth_n.fifo_ctrl.cover_depth[8].fifo_entries_reached_i",20,"nx_fifo_ctrl","/home/ibarry/Project-Zipline-master/rtl/common/nx_library/nx_fifo_ctrl.v",149,"No"
"kme_tb.kme_dut.u_cr_kme_core.kme_is_core.cceip_encrypt_kop.gcm.bypass_fifo.std_fifo.depth_n.fifo_ctrl.cover_depth[12].fifo_entries_reached_i",20,"nx_fifo_ctrl","/home/ibarry/Project-Zipline-master/rtl/common/nx_library/nx_fifo_ctrl.v",149,"No"
"kme_tb.kme_dut.u_cr_kme_core.kme_is_core.cceip_encrypt_kop.gcm.bypass_fifo.std_fifo.depth_n.fifo_ctrl.cover_depth[14].fifo_entries_reached_i",20,"nx_fifo_ctrl","/home/ibarry/Project-Zipline-master/rtl/common/nx_library/nx_fifo_ctrl.v",149,"No"
"kme_tb.kme_dut.u_cr_kme_core.kme_is_core.cceip_encrypt_kop.gcm.bypass_fifo.std_fifo.depth_n.fifo_ctrl.cover_depth[15].fifo_entries_reached_i",20,"nx_fifo_ctrl","/home/ibarry/Project-Zipline-master/rtl/common/nx_library/nx_fifo_ctrl.v",149,"No"
"kme_tb.kme_dut.u_cr_kme_core.kme_is_core.cceip_encrypt_kop.kdf.gcm_key_fifo.std_fifo.depth_n.fifo_ctrl.fifo_entries_reached_DEPTH",20,"nx_fifo_ctrl","/home/ibarry/Project-Zipline-master/rtl/common/nx_library/nx_fifo_ctrl.v",152,"No"
"kme_tb.kme_dut.u_cr_kme_core.kme_is_core.cceip_encrypt_kop.kdf.gcm_key_fifo.std_fifo.depth_n.fifo_ctrl.cover_depth[0].fifo_entries_reached_i",20,"nx_fifo_ctrl","/home/ibarry/Project-Zipline-master/rtl/common/nx_library/nx_fifo_ctrl.v",149,"No"
"kme_tb.kme_dut.u_cr_kme_core.kme_is_core.cceip_encrypt_kop.kdf.gcm_key_fifo.std_fifo.depth_n.fifo_ctrl.cover_depth[2].fifo_entries_reached_i",20,"nx_fifo_ctrl","/home/ibarry/Project-Zipline-master/rtl/common/nx_library/nx_fifo_ctrl.v",149,"No"
"kme_tb.kme_dut.u_cr_kme_core.kme_is_core.cceip_encrypt_kop.kdf.gcm_key_fifo.std_fifo.depth_n.fifo_ctrl.cover_depth[3].fifo_entries_reached_i",20,"nx_fifo_ctrl","/home/ibarry/Project-Zipline-master/rtl/common/nx_library/nx_fifo_ctrl.v",149,"No"
"kme_tb.kme_dut.u_cr_kme_core.kme_is_core.cceip_encrypt_kop.kdf.hash_key_fifo.std_fifo.depth_n.fifo_ctrl.fifo_entries_reached_DEPTH",20,"nx_fifo_ctrl","/home/ibarry/Project-Zipline-master/rtl/common/nx_library/nx_fifo_ctrl.v",152,"No"
"kme_tb.kme_dut.u_cr_kme_core.kme_is_core.cceip_encrypt_kop.kdf.hash_key_fifo.std_fifo.depth_n.fifo_ctrl.cover_depth[0].fifo_entries_reached_i",20,"nx_fifo_ctrl","/home/ibarry/Project-Zipline-master/rtl/common/nx_library/nx_fifo_ctrl.v",149,"No"
"kme_tb.kme_dut.u_cr_kme_core.kme_is_core.cceip_encrypt_kop.kdf.hash_key_fifo.std_fifo.depth_n.fifo_ctrl.cover_depth[2].fifo_entries_reached_i",20,"nx_fifo_ctrl","/home/ibarry/Project-Zipline-master/rtl/common/nx_library/nx_fifo_ctrl.v",149,"No"
"kme_tb.kme_dut.u_cr_kme_core.kme_is_core.cceip_encrypt_kop.kdf.hash_key_fifo.std_fifo.depth_n.fifo_ctrl.cover_depth[3].fifo_entries_reached_i",20,"nx_fifo_ctrl","/home/ibarry/Project-Zipline-master/rtl/common/nx_library/nx_fifo_ctrl.v",149,"No"
"kme_tb.kme_dut.u_cr_kme_core.kme_is_core.cceip_encrypt_kop.kdf.stream_gen.parser_fifo.std_fifo.depth_n.fifo_ctrl.fifo_entries_reached_DEPTH",20,"nx_fifo_ctrl","/home/ibarry/Project-Zipline-master/rtl/common/nx_library/nx_fifo_ctrl.v",152,"No"
"kme_tb.kme_dut.u_cr_kme_core.kme_is_core.cceip_encrypt_kop.kdf.stream_gen.parser_fifo.std_fifo.depth_n.fifo_ctrl.cover_depth[0].fifo_entries_reached_i",20,"nx_fifo_ctrl","/home/ibarry/Project-Zipline-master/rtl/common/nx_library/nx_fifo_ctrl.v",149,"No"
"kme_tb.kme_dut.u_cr_kme_core.kme_is_core.cceip_encrypt_kop.kdf.stream_gen.parser_fifo.std_fifo.depth_n.fifo_ctrl.cover_depth[1].fifo_entries_reached_i",20,"nx_fifo_ctrl","/home/ibarry/Project-Zipline-master/rtl/common/nx_library/nx_fifo_ctrl.v",149,"No"
"kme_tb.kme_dut.u_cr_kme_core.kme_is_core.cceip_encrypt_kop.kdf.merger.downsizer_fifo.std_fifo.depth_n.fifo_ctrl.fifo_entries_reached_DEPTH",20,"nx_fifo_ctrl","/home/ibarry/Project-Zipline-master/rtl/common/nx_library/nx_fifo_ctrl.v",152,"No"
"kme_tb.kme_dut.u_cr_kme_core.kme_is_core.cceip_encrypt_kop.kdf.merger.downsizer_fifo.std_fifo.depth_n.fifo_ctrl.cover_depth[0].fifo_entries_reached_i",20,"nx_fifo_ctrl","/home/ibarry/Project-Zipline-master/rtl/common/nx_library/nx_fifo_ctrl.v",149,"No"
"kme_tb.kme_dut.u_cr_kme_core.kme_is_core.cceip_encrypt_kop.kdf.merger.downsizer_fifo.std_fifo.depth_n.fifo_ctrl.cover_depth[2].fifo_entries_reached_i",20,"nx_fifo_ctrl","/home/ibarry/Project-Zipline-master/rtl/common/nx_library/nx_fifo_ctrl.v",149,"No"
"kme_tb.kme_dut.u_cr_kme_core.kme_is_core.cceip_encrypt_kop.gcm_cmd_fifo.std_fifo.depth_n.fifo_ctrl.fifo_entries_reached_DEPTH",20,"nx_fifo_ctrl","/home/ibarry/Project-Zipline-master/rtl/common/nx_library/nx_fifo_ctrl.v",152,"No"
"kme_tb.kme_dut.u_cr_kme_core.kme_is_core.cceip_encrypt_kop.gcm_cmd_fifo.std_fifo.depth_n.fifo_ctrl.cover_depth[0].fifo_entries_reached_i",20,"nx_fifo_ctrl","/home/ibarry/Project-Zipline-master/rtl/common/nx_library/nx_fifo_ctrl.v",149,"No"
"kme_tb.kme_dut.u_cr_kme_core.kme_is_core.cceip_encrypt_kop.gcm_cmd_fifo.std_fifo.depth_n.fifo_ctrl.cover_depth[2].fifo_entries_reached_i",20,"nx_fifo_ctrl","/home/ibarry/Project-Zipline-master/rtl/common/nx_library/nx_fifo_ctrl.v",149,"No"
"kme_tb.kme_dut.u_cr_kme_core.kme_is_core.cceip_encrypt_kop.gcm_cmd_fifo.std_fifo.depth_n.fifo_ctrl.cover_depth[3].fifo_entries_reached_i",20,"nx_fifo_ctrl","/home/ibarry/Project-Zipline-master/rtl/common/nx_library/nx_fifo_ctrl.v",149,"No"
"kme_tb.kme_dut.u_cr_kme_core.kme_is_core.cceip_encrypt_kop.keyfilter_cmd_fifo.std_fifo.depth_n.fifo_ctrl.fifo_entries_reached_DEPTH",20,"nx_fifo_ctrl","/home/ibarry/Project-Zipline-master/rtl/common/nx_library/nx_fifo_ctrl.v",152,"No"
"kme_tb.kme_dut.u_cr_kme_core.kme_is_core.cceip_encrypt_kop.keyfilter_cmd_fifo.std_fifo.depth_n.fifo_ctrl.cover_depth[0].fifo_entries_reached_i",20,"nx_fifo_ctrl","/home/ibarry/Project-Zipline-master/rtl/common/nx_library/nx_fifo_ctrl.v",149,"No"
"kme_tb.kme_dut.u_cr_kme_core.kme_is_core.cceip_encrypt_kop.keyfilter_cmd_fifo.std_fifo.depth_n.fifo_ctrl.cover_depth[2].fifo_entries_reached_i",20,"nx_fifo_ctrl","/home/ibarry/Project-Zipline-master/rtl/common/nx_library/nx_fifo_ctrl.v",149,"No"
"kme_tb.kme_dut.u_cr_kme_core.kme_is_core.cceip_encrypt_kop.keyfilter_cmd_fifo.std_fifo.depth_n.fifo_ctrl.cover_depth[3].fifo_entries_reached_i",20,"nx_fifo_ctrl","/home/ibarry/Project-Zipline-master/rtl/common/nx_library/nx_fifo_ctrl.v",149,"No"
"kme_tb.kme_dut.u_cr_kme_core.kme_is_core.cceip_encrypt_kop.kdf_cmd_fifo.std_fifo.depth_n.fifo_ctrl.fifo_entries_reached_DEPTH",20,"nx_fifo_ctrl","/home/ibarry/Project-Zipline-master/rtl/common/nx_library/nx_fifo_ctrl.v",152,"No"
"kme_tb.kme_dut.u_cr_kme_core.kme_is_core.cceip_encrypt_kop.kdf_cmd_fifo.std_fifo.depth_n.fifo_ctrl.cover_depth[0].fifo_entries_reached_i",20,"nx_fifo_ctrl","/home/ibarry/Project-Zipline-master/rtl/common/nx_library/nx_fifo_ctrl.v",149,"No"
"kme_tb.kme_dut.u_cr_kme_core.kme_is_core.cceip_encrypt_kop.kdf_cmd_fifo.std_fifo.depth_n.fifo_ctrl.cover_depth[2].fifo_entries_reached_i",20,"nx_fifo_ctrl","/home/ibarry/Project-Zipline-master/rtl/common/nx_library/nx_fifo_ctrl.v",149,"No"
"kme_tb.kme_dut.u_cr_kme_core.kme_is_core.cceip_encrypt_kop.kdf_cmd_fifo.std_fifo.depth_n.fifo_ctrl.cover_depth[3].fifo_entries_reached_i",20,"nx_fifo_ctrl","/home/ibarry/Project-Zipline-master/rtl/common/nx_library/nx_fifo_ctrl.v",149,"No"
"kme_tb.kme_dut.u_cr_kme_core.kme_is_core.cceip_encrypt_kop.kdfstream_cmd_fifo.std_fifo.depth_n.fifo_ctrl.fifo_entries_reached_DEPTH",20,"nx_fifo_ctrl","/home/ibarry/Project-Zipline-master/rtl/common/nx_library/nx_fifo_ctrl.v",152,"No"
"kme_tb.kme_dut.u_cr_kme_core.kme_is_core.cceip_encrypt_kop.kdfstream_cmd_fifo.std_fifo.depth_n.fifo_ctrl.cover_depth[0].fifo_entries_reached_i",20,"nx_fifo_ctrl","/home/ibarry/Project-Zipline-master/rtl/common/nx_library/nx_fifo_ctrl.v",149,"No"
"kme_tb.kme_dut.u_cr_kme_core.kme_is_core.cceip_encrypt_kop.kdfstream_cmd_fifo.std_fifo.depth_n.fifo_ctrl.cover_depth[2].fifo_entries_reached_i",20,"nx_fifo_ctrl","/home/ibarry/Project-Zipline-master/rtl/common/nx_library/nx_fifo_ctrl.v",149,"No"
"kme_tb.kme_dut.u_cr_kme_core.kme_is_core.cceip_encrypt_kop.kdfstream_cmd_fifo.std_fifo.depth_n.fifo_ctrl.cover_depth[3].fifo_entries_reached_i",20,"nx_fifo_ctrl","/home/ibarry/Project-Zipline-master/rtl/common/nx_library/nx_fifo_ctrl.v",149,"No"
"kme_tb.kme_dut.u_cr_kme_core.kme_is_core.cceip_encrypt_kop.tlv_sb_data_fifo.std_fifo.depth_n.fifo_ctrl.fifo_entries_reached_DEPTH",20,"nx_fifo_ctrl","/home/ibarry/Project-Zipline-master/rtl/common/nx_library/nx_fifo_ctrl.v",152,"No"
"kme_tb.kme_dut.u_cr_kme_core.kme_is_core.cceip_encrypt_kop.tlv_sb_data_fifo.std_fifo.depth_n.fifo_ctrl.cover_depth[0].fifo_entries_reached_i",20,"nx_fifo_ctrl","/home/ibarry/Project-Zipline-master/rtl/common/nx_library/nx_fifo_ctrl.v",149,"No"
"kme_tb.kme_dut.u_cr_kme_core.kme_is_core.cceip_encrypt_kop.tlv_sb_data_fifo.std_fifo.depth_n.fifo_ctrl.cover_depth[8].fifo_entries_reached_i",20,"nx_fifo_ctrl","/home/ibarry/Project-Zipline-master/rtl/common/nx_library/nx_fifo_ctrl.v",149,"No"
"kme_tb.kme_dut.u_cr_kme_core.kme_is_core.cceip_encrypt_kop.tlv_sb_data_fifo.std_fifo.depth_n.fifo_ctrl.cover_depth[12].fifo_entries_reached_i",20,"nx_fifo_ctrl","/home/ibarry/Project-Zipline-master/rtl/common/nx_library/nx_fifo_ctrl.v",149,"No"
"kme_tb.kme_dut.u_cr_kme_core.kme_is_core.cceip_encrypt_kop.tlv_sb_data_fifo.std_fifo.depth_n.fifo_ctrl.cover_depth[14].fifo_entries_reached_i",20,"nx_fifo_ctrl","/home/ibarry/Project-Zipline-master/rtl/common/nx_library/nx_fifo_ctrl.v",149,"No"
"kme_tb.kme_dut.u_cr_kme_core.kme_is_core.cceip_encrypt_kop.tlv_sb_data_fifo.std_fifo.depth_n.fifo_ctrl.cover_depth[15].fifo_entries_reached_i",20,"nx_fifo_ctrl","/home/ibarry/Project-Zipline-master/rtl/common/nx_library/nx_fifo_ctrl.v",149,"No"
"kme_tb.kme_dut.u_cr_kme_core.kme_is_core.cceip_encrypt_kop.gcm_tag_data_fifo.std_fifo.depth_n.fifo_ctrl.fifo_entries_reached_DEPTH",20,"nx_fifo_ctrl","/home/ibarry/Project-Zipline-master/rtl/common/nx_library/nx_fifo_ctrl.v",152,"No"
"kme_tb.kme_dut.u_cr_kme_core.kme_is_core.cceip_encrypt_kop.gcm_tag_data_fifo.std_fifo.depth_n.fifo_ctrl.cover_depth[0].fifo_entries_reached_i",20,"nx_fifo_ctrl","/home/ibarry/Project-Zipline-master/rtl/common/nx_library/nx_fifo_ctrl.v",149,"No"
"kme_tb.kme_dut.u_cr_kme_core.kme_is_core.cceip_encrypt_kop.gcm_tag_data_fifo.std_fifo.depth_n.fifo_ctrl.cover_depth[2].fifo_entries_reached_i",20,"nx_fifo_ctrl","/home/ibarry/Project-Zipline-master/rtl/common/nx_library/nx_fifo_ctrl.v",149,"No"
"kme_tb.kme_dut.u_cr_kme_core.kme_is_core.cceip_encrypt_kop.gcm_tag_data_fifo.std_fifo.depth_n.fifo_ctrl.cover_depth[3].fifo_entries_reached_i",20,"nx_fifo_ctrl","/home/ibarry/Project-Zipline-master/rtl/common/nx_library/nx_fifo_ctrl.v",149,"No"
"kme_tb.kme_dut.u_cr_kme_core.kme_is_core.cceip_encrypt_kop.gcm_status_data_fifo.std_fifo.depth_n.fifo_ctrl.fifo_entries_reached_DEPTH",20,"nx_fifo_ctrl","/home/ibarry/Project-Zipline-master/rtl/common/nx_library/nx_fifo_ctrl.v",152,"No"
"kme_tb.kme_dut.u_cr_kme_core.kme_is_core.cceip_encrypt_kop.gcm_status_data_fifo.std_fifo.depth_n.fifo_ctrl.cover_depth[0].fifo_entries_reached_i",20,"nx_fifo_ctrl","/home/ibarry/Project-Zipline-master/rtl/common/nx_library/nx_fifo_ctrl.v",149,"No"
"kme_tb.kme_dut.u_cr_kme_core.kme_is_core.cceip_encrypt_kop.gcm_status_data_fifo.std_fifo.depth_n.fifo_ctrl.cover_depth[2].fifo_entries_reached_i",20,"nx_fifo_ctrl","/home/ibarry/Project-Zipline-master/rtl/common/nx_library/nx_fifo_ctrl.v",149,"No"
"kme_tb.kme_dut.u_cr_kme_core.kme_is_core.cceip_encrypt_kop.gcm_status_data_fifo.std_fifo.depth_n.fifo_ctrl.cover_depth[3].fifo_entries_reached_i",20,"nx_fifo_ctrl","/home/ibarry/Project-Zipline-master/rtl/common/nx_library/nx_fifo_ctrl.v",149,"No"
"kme_tb.kme_dut.u_cr_kme_core.kme_is_core.cceip_validate_kop.tlv_inspector.brcm_gcm_dek256_with_512bit_key",20,"cr_kme_kop_tlv_inspector","/home/ibarry/Project-Zipline-master/rtl/cr_kme/cr_kme_kop_tlv_inspector.v",577,"No"
"kme_tb.kme_dut.u_cr_kme_core.kme_is_core.cceip_validate_kop.tlv_inspector.brcm_gcm_dek512_with_512bit_key",20,"cr_kme_kop_tlv_inspector","/home/ibarry/Project-Zipline-master/rtl/cr_kme/cr_kme_kop_tlv_inspector.v",578,"No"
"kme_tb.kme_dut.u_cr_kme_core.kme_is_core.cceip_validate_kop.tlv_inspector.brcm_gcm_dek256dak_with_512bit_key",20,"cr_kme_kop_tlv_inspector","/home/ibarry/Project-Zipline-master/rtl/cr_kme/cr_kme_kop_tlv_inspector.v",579,"No"
"kme_tb.kme_dut.u_cr_kme_core.kme_is_core.cceip_validate_kop.tlv_inspector.brcm_gcm_dek512dak_with_512bit_key",20,"cr_kme_kop_tlv_inspector","/home/ibarry/Project-Zipline-master/rtl/cr_kme/cr_kme_kop_tlv_inspector.v",580,"No"
"kme_tb.kme_dut.u_cr_kme_core.kme_is_core.cceip_validate_kop.tlv_inspector.brcm_gcm_enc_dek256_no_kbk",20,"cr_kme_kop_tlv_inspector","/home/ibarry/Project-Zipline-master/rtl/cr_kme/cr_kme_kop_tlv_inspector.v",583,"No"
"kme_tb.kme_dut.u_cr_kme_core.kme_is_core.cceip_validate_kop.tlv_inspector.brcm_gcm_enc_dek512_no_kbk",20,"cr_kme_kop_tlv_inspector","/home/ibarry/Project-Zipline-master/rtl/cr_kme/cr_kme_kop_tlv_inspector.v",584,"No"
"kme_tb.kme_dut.u_cr_kme_core.kme_is_core.cceip_validate_kop.tlv_inspector.brcm_gcm_enc_dek256_comb_no_kbk",20,"cr_kme_kop_tlv_inspector","/home/ibarry/Project-Zipline-master/rtl/cr_kme/cr_kme_kop_tlv_inspector.v",585,"No"
"kme_tb.kme_dut.u_cr_kme_core.kme_is_core.cceip_validate_kop.tlv_inspector.brcm_gcm_enc_dek512_comb_no_kbk",20,"cr_kme_kop_tlv_inspector","/home/ibarry/Project-Zipline-master/rtl/cr_kme/cr_kme_kop_tlv_inspector.v",586,"No"
"kme_tb.kme_dut.u_cr_kme_core.kme_is_core.cceip_validate_kop.tlv_inspector.brcm_tlv_sb_stall_on_guid",20,"cr_kme_kop_tlv_inspector","/home/ibarry/Project-Zipline-master/rtl/cr_kme/cr_kme_kop_tlv_inspector.v",615,"No"
"kme_tb.kme_dut.u_cr_kme_core.kme_is_core.cceip_validate_kop.tlv_inspector.op[0].brcm_gcm",20,"cr_kme_kop_tlv_inspector","/home/ibarry/Project-Zipline-master/rtl/cr_kme/cr_kme_kop_tlv_inspector.v",573,"No"
"kme_tb.kme_dut.u_cr_kme_core.kme_is_core.cceip_validate_kop.tlv_inspector.op[1].brcm_gcm",20,"cr_kme_kop_tlv_inspector","/home/ibarry/Project-Zipline-master/rtl/cr_kme/cr_kme_kop_tlv_inspector.v",573,"No"
"kme_tb.kme_dut.u_cr_kme_core.kme_is_core.cceip_validate_kop.tlv_inspector.op[2].brcm_gcm",20,"cr_kme_kop_tlv_inspector","/home/ibarry/Project-Zipline-master/rtl/cr_kme/cr_kme_kop_tlv_inspector.v",573,"No"
"kme_tb.kme_dut.u_cr_kme_core.kme_is_core.cceip_validate_kop.tlv_inspector.op[3].brcm_gcm",20,"cr_kme_kop_tlv_inspector","/home/ibarry/Project-Zipline-master/rtl/cr_kme/cr_kme_kop_tlv_inspector.v",573,"No"
"kme_tb.kme_dut.u_cr_kme_core.kme_is_core.cceip_validate_kop.tlv_inspector.op[4].brcm_gcm",20,"cr_kme_kop_tlv_inspector","/home/ibarry/Project-Zipline-master/rtl/cr_kme/cr_kme_kop_tlv_inspector.v",573,"No"
"kme_tb.kme_dut.u_cr_kme_core.kme_is_core.cceip_validate_kop.tlv_inspector.op[5].brcm_gcm",20,"cr_kme_kop_tlv_inspector","/home/ibarry/Project-Zipline-master/rtl/cr_kme/cr_kme_kop_tlv_inspector.v",573,"No"
"kme_tb.kme_dut.u_cr_kme_core.kme_is_core.cceip_validate_kop.tlv_inspector.op[6].brcm_gcm",20,"cr_kme_kop_tlv_inspector","/home/ibarry/Project-Zipline-master/rtl/cr_kme/cr_kme_kop_tlv_inspector.v",573,"No"
"kme_tb.kme_dut.u_cr_kme_core.kme_is_core.cceip_validate_kop.tlv_inspector.op[7].brcm_gcm",20,"cr_kme_kop_tlv_inspector","/home/ibarry/Project-Zipline-master/rtl/cr_kme/cr_kme_kop_tlv_inspector.v",573,"No"
"kme_tb.kme_dut.u_cr_kme_core.kme_is_core.cceip_validate_kop.tlv_inspector.guid[0].delimiter[0].brcm_kdf_label0_8",20,"cr_kme_kop_tlv_inspector","/home/ibarry/Project-Zipline-master/rtl/cr_kme/cr_kme_kop_tlv_inspector.v",595,"No"
"kme_tb.kme_dut.u_cr_kme_core.kme_is_core.cceip_validate_kop.tlv_inspector.guid[0].delimiter[0].brcm_kdf_label9_16",20,"cr_kme_kop_tlv_inspector","/home/ibarry/Project-Zipline-master/rtl/cr_kme/cr_kme_kop_tlv_inspector.v",600,"No"
"kme_tb.kme_dut.u_cr_kme_core.kme_is_core.cceip_validate_kop.tlv_inspector.guid[0].delimiter[0].brcm_kdf_label17_24",20,"cr_kme_kop_tlv_inspector","/home/ibarry/Project-Zipline-master/rtl/cr_kme/cr_kme_kop_tlv_inspector.v",605,"No"
"kme_tb.kme_dut.u_cr_kme_core.kme_is_core.cceip_validate_kop.tlv_inspector.guid[0].delimiter[0].brcm_kdf_label25_32",20,"cr_kme_kop_tlv_inspector","/home/ibarry/Project-Zipline-master/rtl/cr_kme/cr_kme_kop_tlv_inspector.v",610,"No"
"kme_tb.kme_dut.u_cr_kme_core.kme_is_core.cceip_validate_kop.tlv_inspector.guid[0].delimiter[1].brcm_kdf_label0_8",20,"cr_kme_kop_tlv_inspector","/home/ibarry/Project-Zipline-master/rtl/cr_kme/cr_kme_kop_tlv_inspector.v",595,"No"
"kme_tb.kme_dut.u_cr_kme_core.kme_is_core.cceip_validate_kop.tlv_inspector.guid[0].delimiter[1].brcm_kdf_label9_16",20,"cr_kme_kop_tlv_inspector","/home/ibarry/Project-Zipline-master/rtl/cr_kme/cr_kme_kop_tlv_inspector.v",600,"No"
"kme_tb.kme_dut.u_cr_kme_core.kme_is_core.cceip_validate_kop.tlv_inspector.guid[0].delimiter[1].brcm_kdf_label17_24",20,"cr_kme_kop_tlv_inspector","/home/ibarry/Project-Zipline-master/rtl/cr_kme/cr_kme_kop_tlv_inspector.v",605,"No"
"kme_tb.kme_dut.u_cr_kme_core.kme_is_core.cceip_validate_kop.tlv_inspector.guid[0].delimiter[1].brcm_kdf_label25_32",20,"cr_kme_kop_tlv_inspector","/home/ibarry/Project-Zipline-master/rtl/cr_kme/cr_kme_kop_tlv_inspector.v",610,"No"
"kme_tb.kme_dut.u_cr_kme_core.kme_is_core.cceip_validate_kop.tlv_inspector.guid[1].delimiter[0].brcm_kdf_label0_8",20,"cr_kme_kop_tlv_inspector","/home/ibarry/Project-Zipline-master/rtl/cr_kme/cr_kme_kop_tlv_inspector.v",595,"No"
"kme_tb.kme_dut.u_cr_kme_core.kme_is_core.cceip_validate_kop.tlv_inspector.guid[1].delimiter[0].brcm_kdf_label9_16",20,"cr_kme_kop_tlv_inspector","/home/ibarry/Project-Zipline-master/rtl/cr_kme/cr_kme_kop_tlv_inspector.v",600,"No"
"kme_tb.kme_dut.u_cr_kme_core.kme_is_core.cceip_validate_kop.tlv_inspector.guid[1].delimiter[0].brcm_kdf_label17_24",20,"cr_kme_kop_tlv_inspector","/home/ibarry/Project-Zipline-master/rtl/cr_kme/cr_kme_kop_tlv_inspector.v",605,"No"
"kme_tb.kme_dut.u_cr_kme_core.kme_is_core.cceip_validate_kop.tlv_inspector.guid[1].delimiter[0].brcm_kdf_label25_32",20,"cr_kme_kop_tlv_inspector","/home/ibarry/Project-Zipline-master/rtl/cr_kme/cr_kme_kop_tlv_inspector.v",610,"No"
"kme_tb.kme_dut.u_cr_kme_core.kme_is_core.cceip_validate_kop.tlv_inspector.guid[1].delimiter[1].brcm_kdf_label0_8",20,"cr_kme_kop_tlv_inspector","/home/ibarry/Project-Zipline-master/rtl/cr_kme/cr_kme_kop_tlv_inspector.v",595,"No"
"kme_tb.kme_dut.u_cr_kme_core.kme_is_core.cceip_validate_kop.tlv_inspector.guid[1].delimiter[1].brcm_kdf_label9_16",20,"cr_kme_kop_tlv_inspector","/home/ibarry/Project-Zipline-master/rtl/cr_kme/cr_kme_kop_tlv_inspector.v",600,"No"
"kme_tb.kme_dut.u_cr_kme_core.kme_is_core.cceip_validate_kop.tlv_inspector.guid[1].delimiter[1].brcm_kdf_label17_24",20,"cr_kme_kop_tlv_inspector","/home/ibarry/Project-Zipline-master/rtl/cr_kme/cr_kme_kop_tlv_inspector.v",605,"No"
"kme_tb.kme_dut.u_cr_kme_core.kme_is_core.cceip_validate_kop.tlv_inspector.guid[1].delimiter[1].brcm_kdf_label25_32",20,"cr_kme_kop_tlv_inspector","/home/ibarry/Project-Zipline-master/rtl/cr_kme/cr_kme_kop_tlv_inspector.v",610,"No"
"kme_tb.kme_dut.u_cr_kme_core.kme_is_core.cceip_validate_kop.gcm.bypass_fifo.std_fifo.depth_n.fifo_ctrl.fifo_entries_reached_DEPTH",20,"nx_fifo_ctrl","/home/ibarry/Project-Zipline-master/rtl/common/nx_library/nx_fifo_ctrl.v",152,"No"
"kme_tb.kme_dut.u_cr_kme_core.kme_is_core.cceip_validate_kop.gcm.bypass_fifo.std_fifo.depth_n.fifo_ctrl.cover_depth[0].fifo_entries_reached_i",20,"nx_fifo_ctrl","/home/ibarry/Project-Zipline-master/rtl/common/nx_library/nx_fifo_ctrl.v",149,"No"
"kme_tb.kme_dut.u_cr_kme_core.kme_is_core.cceip_validate_kop.gcm.bypass_fifo.std_fifo.depth_n.fifo_ctrl.cover_depth[8].fifo_entries_reached_i",20,"nx_fifo_ctrl","/home/ibarry/Project-Zipline-master/rtl/common/nx_library/nx_fifo_ctrl.v",149,"No"
"kme_tb.kme_dut.u_cr_kme_core.kme_is_core.cceip_validate_kop.gcm.bypass_fifo.std_fifo.depth_n.fifo_ctrl.cover_depth[12].fifo_entries_reached_i",20,"nx_fifo_ctrl","/home/ibarry/Project-Zipline-master/rtl/common/nx_library/nx_fifo_ctrl.v",149,"No"
"kme_tb.kme_dut.u_cr_kme_core.kme_is_core.cceip_validate_kop.gcm.bypass_fifo.std_fifo.depth_n.fifo_ctrl.cover_depth[14].fifo_entries_reached_i",20,"nx_fifo_ctrl","/home/ibarry/Project-Zipline-master/rtl/common/nx_library/nx_fifo_ctrl.v",149,"No"
"kme_tb.kme_dut.u_cr_kme_core.kme_is_core.cceip_validate_kop.gcm.bypass_fifo.std_fifo.depth_n.fifo_ctrl.cover_depth[15].fifo_entries_reached_i",20,"nx_fifo_ctrl","/home/ibarry/Project-Zipline-master/rtl/common/nx_library/nx_fifo_ctrl.v",149,"No"
"kme_tb.kme_dut.u_cr_kme_core.kme_is_core.cceip_validate_kop.kdf.gcm_key_fifo.std_fifo.depth_n.fifo_ctrl.fifo_entries_reached_DEPTH",20,"nx_fifo_ctrl","/home/ibarry/Project-Zipline-master/rtl/common/nx_library/nx_fifo_ctrl.v",152,"No"
"kme_tb.kme_dut.u_cr_kme_core.kme_is_core.cceip_validate_kop.kdf.gcm_key_fifo.std_fifo.depth_n.fifo_ctrl.cover_depth[0].fifo_entries_reached_i",20,"nx_fifo_ctrl","/home/ibarry/Project-Zipline-master/rtl/common/nx_library/nx_fifo_ctrl.v",149,"No"
"kme_tb.kme_dut.u_cr_kme_core.kme_is_core.cceip_validate_kop.kdf.gcm_key_fifo.std_fifo.depth_n.fifo_ctrl.cover_depth[2].fifo_entries_reached_i",20,"nx_fifo_ctrl","/home/ibarry/Project-Zipline-master/rtl/common/nx_library/nx_fifo_ctrl.v",149,"No"
"kme_tb.kme_dut.u_cr_kme_core.kme_is_core.cceip_validate_kop.kdf.gcm_key_fifo.std_fifo.depth_n.fifo_ctrl.cover_depth[3].fifo_entries_reached_i",20,"nx_fifo_ctrl","/home/ibarry/Project-Zipline-master/rtl/common/nx_library/nx_fifo_ctrl.v",149,"No"
"kme_tb.kme_dut.u_cr_kme_core.kme_is_core.cceip_validate_kop.kdf.hash_key_fifo.std_fifo.depth_n.fifo_ctrl.fifo_entries_reached_DEPTH",20,"nx_fifo_ctrl","/home/ibarry/Project-Zipline-master/rtl/common/nx_library/nx_fifo_ctrl.v",152,"No"
"kme_tb.kme_dut.u_cr_kme_core.kme_is_core.cceip_validate_kop.kdf.hash_key_fifo.std_fifo.depth_n.fifo_ctrl.cover_depth[0].fifo_entries_reached_i",20,"nx_fifo_ctrl","/home/ibarry/Project-Zipline-master/rtl/common/nx_library/nx_fifo_ctrl.v",149,"No"
"kme_tb.kme_dut.u_cr_kme_core.kme_is_core.cceip_validate_kop.kdf.hash_key_fifo.std_fifo.depth_n.fifo_ctrl.cover_depth[2].fifo_entries_reached_i",20,"nx_fifo_ctrl","/home/ibarry/Project-Zipline-master/rtl/common/nx_library/nx_fifo_ctrl.v",149,"No"
"kme_tb.kme_dut.u_cr_kme_core.kme_is_core.cceip_validate_kop.kdf.hash_key_fifo.std_fifo.depth_n.fifo_ctrl.cover_depth[3].fifo_entries_reached_i",20,"nx_fifo_ctrl","/home/ibarry/Project-Zipline-master/rtl/common/nx_library/nx_fifo_ctrl.v",149,"No"
"kme_tb.kme_dut.u_cr_kme_core.kme_is_core.cceip_validate_kop.kdf.stream_gen.parser_fifo.std_fifo.depth_n.fifo_ctrl.fifo_entries_reached_DEPTH",20,"nx_fifo_ctrl","/home/ibarry/Project-Zipline-master/rtl/common/nx_library/nx_fifo_ctrl.v",152,"No"
"kme_tb.kme_dut.u_cr_kme_core.kme_is_core.cceip_validate_kop.kdf.stream_gen.parser_fifo.std_fifo.depth_n.fifo_ctrl.cover_depth[0].fifo_entries_reached_i",20,"nx_fifo_ctrl","/home/ibarry/Project-Zipline-master/rtl/common/nx_library/nx_fifo_ctrl.v",149,"No"
"kme_tb.kme_dut.u_cr_kme_core.kme_is_core.cceip_validate_kop.kdf.stream_gen.parser_fifo.std_fifo.depth_n.fifo_ctrl.cover_depth[1].fifo_entries_reached_i",20,"nx_fifo_ctrl","/home/ibarry/Project-Zipline-master/rtl/common/nx_library/nx_fifo_ctrl.v",149,"No"
"kme_tb.kme_dut.u_cr_kme_core.kme_is_core.cceip_validate_kop.kdf.merger.downsizer_fifo.std_fifo.depth_n.fifo_ctrl.fifo_entries_reached_DEPTH",20,"nx_fifo_ctrl","/home/ibarry/Project-Zipline-master/rtl/common/nx_library/nx_fifo_ctrl.v",152,"No"
"kme_tb.kme_dut.u_cr_kme_core.kme_is_core.cceip_validate_kop.kdf.merger.downsizer_fifo.std_fifo.depth_n.fifo_ctrl.cover_depth[0].fifo_entries_reached_i",20,"nx_fifo_ctrl","/home/ibarry/Project-Zipline-master/rtl/common/nx_library/nx_fifo_ctrl.v",149,"No"
"kme_tb.kme_dut.u_cr_kme_core.kme_is_core.cceip_validate_kop.kdf.merger.downsizer_fifo.std_fifo.depth_n.fifo_ctrl.cover_depth[2].fifo_entries_reached_i",20,"nx_fifo_ctrl","/home/ibarry/Project-Zipline-master/rtl/common/nx_library/nx_fifo_ctrl.v",149,"No"
"kme_tb.kme_dut.u_cr_kme_core.kme_is_core.cceip_validate_kop.gcm_cmd_fifo.std_fifo.depth_n.fifo_ctrl.fifo_entries_reached_DEPTH",20,"nx_fifo_ctrl","/home/ibarry/Project-Zipline-master/rtl/common/nx_library/nx_fifo_ctrl.v",152,"No"
"kme_tb.kme_dut.u_cr_kme_core.kme_is_core.cceip_validate_kop.gcm_cmd_fifo.std_fifo.depth_n.fifo_ctrl.cover_depth[0].fifo_entries_reached_i",20,"nx_fifo_ctrl","/home/ibarry/Project-Zipline-master/rtl/common/nx_library/nx_fifo_ctrl.v",149,"No"
"kme_tb.kme_dut.u_cr_kme_core.kme_is_core.cceip_validate_kop.gcm_cmd_fifo.std_fifo.depth_n.fifo_ctrl.cover_depth[2].fifo_entries_reached_i",20,"nx_fifo_ctrl","/home/ibarry/Project-Zipline-master/rtl/common/nx_library/nx_fifo_ctrl.v",149,"No"
"kme_tb.kme_dut.u_cr_kme_core.kme_is_core.cceip_validate_kop.gcm_cmd_fifo.std_fifo.depth_n.fifo_ctrl.cover_depth[3].fifo_entries_reached_i",20,"nx_fifo_ctrl","/home/ibarry/Project-Zipline-master/rtl/common/nx_library/nx_fifo_ctrl.v",149,"No"
"kme_tb.kme_dut.u_cr_kme_core.kme_is_core.cceip_validate_kop.keyfilter_cmd_fifo.std_fifo.depth_n.fifo_ctrl.fifo_entries_reached_DEPTH",20,"nx_fifo_ctrl","/home/ibarry/Project-Zipline-master/rtl/common/nx_library/nx_fifo_ctrl.v",152,"No"
"kme_tb.kme_dut.u_cr_kme_core.kme_is_core.cceip_validate_kop.keyfilter_cmd_fifo.std_fifo.depth_n.fifo_ctrl.cover_depth[0].fifo_entries_reached_i",20,"nx_fifo_ctrl","/home/ibarry/Project-Zipline-master/rtl/common/nx_library/nx_fifo_ctrl.v",149,"No"
"kme_tb.kme_dut.u_cr_kme_core.kme_is_core.cceip_validate_kop.keyfilter_cmd_fifo.std_fifo.depth_n.fifo_ctrl.cover_depth[2].fifo_entries_reached_i",20,"nx_fifo_ctrl","/home/ibarry/Project-Zipline-master/rtl/common/nx_library/nx_fifo_ctrl.v",149,"No"
"kme_tb.kme_dut.u_cr_kme_core.kme_is_core.cceip_validate_kop.keyfilter_cmd_fifo.std_fifo.depth_n.fifo_ctrl.cover_depth[3].fifo_entries_reached_i",20,"nx_fifo_ctrl","/home/ibarry/Project-Zipline-master/rtl/common/nx_library/nx_fifo_ctrl.v",149,"No"
"kme_tb.kme_dut.u_cr_kme_core.kme_is_core.cceip_validate_kop.kdf_cmd_fifo.std_fifo.depth_n.fifo_ctrl.fifo_entries_reached_DEPTH",20,"nx_fifo_ctrl","/home/ibarry/Project-Zipline-master/rtl/common/nx_library/nx_fifo_ctrl.v",152,"No"
"kme_tb.kme_dut.u_cr_kme_core.kme_is_core.cceip_validate_kop.kdf_cmd_fifo.std_fifo.depth_n.fifo_ctrl.cover_depth[0].fifo_entries_reached_i",20,"nx_fifo_ctrl","/home/ibarry/Project-Zipline-master/rtl/common/nx_library/nx_fifo_ctrl.v",149,"No"
"kme_tb.kme_dut.u_cr_kme_core.kme_is_core.cceip_validate_kop.kdf_cmd_fifo.std_fifo.depth_n.fifo_ctrl.cover_depth[2].fifo_entries_reached_i",20,"nx_fifo_ctrl","/home/ibarry/Project-Zipline-master/rtl/common/nx_library/nx_fifo_ctrl.v",149,"No"
"kme_tb.kme_dut.u_cr_kme_core.kme_is_core.cceip_validate_kop.kdf_cmd_fifo.std_fifo.depth_n.fifo_ctrl.cover_depth[3].fifo_entries_reached_i",20,"nx_fifo_ctrl","/home/ibarry/Project-Zipline-master/rtl/common/nx_library/nx_fifo_ctrl.v",149,"No"
"kme_tb.kme_dut.u_cr_kme_core.kme_is_core.cceip_validate_kop.kdfstream_cmd_fifo.std_fifo.depth_n.fifo_ctrl.fifo_entries_reached_DEPTH",20,"nx_fifo_ctrl","/home/ibarry/Project-Zipline-master/rtl/common/nx_library/nx_fifo_ctrl.v",152,"No"
"kme_tb.kme_dut.u_cr_kme_core.kme_is_core.cceip_validate_kop.kdfstream_cmd_fifo.std_fifo.depth_n.fifo_ctrl.cover_depth[0].fifo_entries_reached_i",20,"nx_fifo_ctrl","/home/ibarry/Project-Zipline-master/rtl/common/nx_library/nx_fifo_ctrl.v",149,"No"
"kme_tb.kme_dut.u_cr_kme_core.kme_is_core.cceip_validate_kop.kdfstream_cmd_fifo.std_fifo.depth_n.fifo_ctrl.cover_depth[2].fifo_entries_reached_i",20,"nx_fifo_ctrl","/home/ibarry/Project-Zipline-master/rtl/common/nx_library/nx_fifo_ctrl.v",149,"No"
"kme_tb.kme_dut.u_cr_kme_core.kme_is_core.cceip_validate_kop.kdfstream_cmd_fifo.std_fifo.depth_n.fifo_ctrl.cover_depth[3].fifo_entries_reached_i",20,"nx_fifo_ctrl","/home/ibarry/Project-Zipline-master/rtl/common/nx_library/nx_fifo_ctrl.v",149,"No"
"kme_tb.kme_dut.u_cr_kme_core.kme_is_core.cceip_validate_kop.tlv_sb_data_fifo.std_fifo.depth_n.fifo_ctrl.fifo_entries_reached_DEPTH",20,"nx_fifo_ctrl","/home/ibarry/Project-Zipline-master/rtl/common/nx_library/nx_fifo_ctrl.v",152,"No"
"kme_tb.kme_dut.u_cr_kme_core.kme_is_core.cceip_validate_kop.tlv_sb_data_fifo.std_fifo.depth_n.fifo_ctrl.cover_depth[0].fifo_entries_reached_i",20,"nx_fifo_ctrl","/home/ibarry/Project-Zipline-master/rtl/common/nx_library/nx_fifo_ctrl.v",149,"No"
"kme_tb.kme_dut.u_cr_kme_core.kme_is_core.cceip_validate_kop.tlv_sb_data_fifo.std_fifo.depth_n.fifo_ctrl.cover_depth[8].fifo_entries_reached_i",20,"nx_fifo_ctrl","/home/ibarry/Project-Zipline-master/rtl/common/nx_library/nx_fifo_ctrl.v",149,"No"
"kme_tb.kme_dut.u_cr_kme_core.kme_is_core.cceip_validate_kop.tlv_sb_data_fifo.std_fifo.depth_n.fifo_ctrl.cover_depth[12].fifo_entries_reached_i",20,"nx_fifo_ctrl","/home/ibarry/Project-Zipline-master/rtl/common/nx_library/nx_fifo_ctrl.v",149,"No"
"kme_tb.kme_dut.u_cr_kme_core.kme_is_core.cceip_validate_kop.tlv_sb_data_fifo.std_fifo.depth_n.fifo_ctrl.cover_depth[14].fifo_entries_reached_i",20,"nx_fifo_ctrl","/home/ibarry/Project-Zipline-master/rtl/common/nx_library/nx_fifo_ctrl.v",149,"No"
"kme_tb.kme_dut.u_cr_kme_core.kme_is_core.cceip_validate_kop.tlv_sb_data_fifo.std_fifo.depth_n.fifo_ctrl.cover_depth[15].fifo_entries_reached_i",20,"nx_fifo_ctrl","/home/ibarry/Project-Zipline-master/rtl/common/nx_library/nx_fifo_ctrl.v",149,"No"
"kme_tb.kme_dut.u_cr_kme_core.kme_is_core.cceip_validate_kop.gcm_tag_data_fifo.std_fifo.depth_n.fifo_ctrl.fifo_entries_reached_DEPTH",20,"nx_fifo_ctrl","/home/ibarry/Project-Zipline-master/rtl/common/nx_library/nx_fifo_ctrl.v",152,"No"
"kme_tb.kme_dut.u_cr_kme_core.kme_is_core.cceip_validate_kop.gcm_tag_data_fifo.std_fifo.depth_n.fifo_ctrl.cover_depth[0].fifo_entries_reached_i",20,"nx_fifo_ctrl","/home/ibarry/Project-Zipline-master/rtl/common/nx_library/nx_fifo_ctrl.v",149,"No"
"kme_tb.kme_dut.u_cr_kme_core.kme_is_core.cceip_validate_kop.gcm_tag_data_fifo.std_fifo.depth_n.fifo_ctrl.cover_depth[2].fifo_entries_reached_i",20,"nx_fifo_ctrl","/home/ibarry/Project-Zipline-master/rtl/common/nx_library/nx_fifo_ctrl.v",149,"No"
"kme_tb.kme_dut.u_cr_kme_core.kme_is_core.cceip_validate_kop.gcm_tag_data_fifo.std_fifo.depth_n.fifo_ctrl.cover_depth[3].fifo_entries_reached_i",20,"nx_fifo_ctrl","/home/ibarry/Project-Zipline-master/rtl/common/nx_library/nx_fifo_ctrl.v",149,"No"
"kme_tb.kme_dut.u_cr_kme_core.kme_is_core.cceip_validate_kop.gcm_status_data_fifo.std_fifo.depth_n.fifo_ctrl.fifo_entries_reached_DEPTH",20,"nx_fifo_ctrl","/home/ibarry/Project-Zipline-master/rtl/common/nx_library/nx_fifo_ctrl.v",152,"No"
"kme_tb.kme_dut.u_cr_kme_core.kme_is_core.cceip_validate_kop.gcm_status_data_fifo.std_fifo.depth_n.fifo_ctrl.cover_depth[0].fifo_entries_reached_i",20,"nx_fifo_ctrl","/home/ibarry/Project-Zipline-master/rtl/common/nx_library/nx_fifo_ctrl.v",149,"No"
"kme_tb.kme_dut.u_cr_kme_core.kme_is_core.cceip_validate_kop.gcm_status_data_fifo.std_fifo.depth_n.fifo_ctrl.cover_depth[2].fifo_entries_reached_i",20,"nx_fifo_ctrl","/home/ibarry/Project-Zipline-master/rtl/common/nx_library/nx_fifo_ctrl.v",149,"No"
"kme_tb.kme_dut.u_cr_kme_core.kme_is_core.cceip_validate_kop.gcm_status_data_fifo.std_fifo.depth_n.fifo_ctrl.cover_depth[3].fifo_entries_reached_i",20,"nx_fifo_ctrl","/home/ibarry/Project-Zipline-master/rtl/common/nx_library/nx_fifo_ctrl.v",149,"No"
"kme_tb.kme_dut.u_cr_kme_core.kme_is_core.cceip_key_tlv_compare_split.encrypt_fifo.std_fifo.depth_n.fifo_ctrl.fifo_entries_reached_DEPTH",20,"nx_fifo_ctrl","/home/ibarry/Project-Zipline-master/rtl/common/nx_library/nx_fifo_ctrl.v",152,"No"
"kme_tb.kme_dut.u_cr_kme_core.kme_is_core.cceip_key_tlv_compare_split.encrypt_fifo.std_fifo.depth_n.fifo_ctrl.cover_depth[0].fifo_entries_reached_i",20,"nx_fifo_ctrl","/home/ibarry/Project-Zipline-master/rtl/common/nx_library/nx_fifo_ctrl.v",149,"No"
"kme_tb.kme_dut.u_cr_kme_core.kme_is_core.cceip_key_tlv_compare_split.encrypt_fifo.std_fifo.depth_n.fifo_ctrl.cover_depth[1].fifo_entries_reached_i",20,"nx_fifo_ctrl","/home/ibarry/Project-Zipline-master/rtl/common/nx_library/nx_fifo_ctrl.v",149,"No"
"kme_tb.kme_dut.u_cr_kme_core.kme_is_core.cceip_key_tlv_compare_split.validate_fifo.std_fifo.depth_n.fifo_ctrl.fifo_entries_reached_DEPTH",20,"nx_fifo_ctrl","/home/ibarry/Project-Zipline-master/rtl/common/nx_library/nx_fifo_ctrl.v",152,"No"
"kme_tb.kme_dut.u_cr_kme_core.kme_is_core.cceip_key_tlv_compare_split.validate_fifo.std_fifo.depth_n.fifo_ctrl.cover_depth[0].fifo_entries_reached_i",20,"nx_fifo_ctrl","/home/ibarry/Project-Zipline-master/rtl/common/nx_library/nx_fifo_ctrl.v",149,"No"
"kme_tb.kme_dut.u_cr_kme_core.kme_is_core.cceip_key_tlv_compare_split.validate_fifo.std_fifo.depth_n.fifo_ctrl.cover_depth[1].fifo_entries_reached_i",20,"nx_fifo_ctrl","/home/ibarry/Project-Zipline-master/rtl/common/nx_library/nx_fifo_ctrl.v",149,"No"
"kme_tb.kme_dut.u_cr_kme_core.kme_is_core.cceip_key_tlv_compare_split.engine[0].brcm_cceip",20,"cr_kme_key_tlv_compare_split","/home/ibarry/Project-Zipline-master/rtl/cr_kme/cr_kme_key_tlv_compare_split.v",265,"No"
"kme_tb.kme_dut.u_cr_kme_core.kme_is_core.cceip_key_tlv_compare_split.engine[1].brcm_cceip",20,"cr_kme_key_tlv_compare_split","/home/ibarry/Project-Zipline-master/rtl/cr_kme/cr_kme_key_tlv_compare_split.v",265,"No"
"kme_tb.kme_dut.u_cr_kme_core.kme_is_core.cceip_key_tlv_compare_split.engine[2].brcm_cceip",20,"cr_kme_key_tlv_compare_split","/home/ibarry/Project-Zipline-master/rtl/cr_kme/cr_kme_key_tlv_compare_split.v",265,"No"
"kme_tb.kme_dut.u_cr_kme_core.kme_is_core.cceip_key_tlv_compare_split.engine[3].brcm_cceip",20,"cr_kme_key_tlv_compare_split","/home/ibarry/Project-Zipline-master/rtl/cr_kme/cr_kme_key_tlv_compare_split.v",265,"No"
"kme_tb.kme_dut.u_cr_kme_core.kme_is_core.cceip0_key_tlv_rsm.u_cr_tlvp2_rsm.u_cr_fifo_wrap2_tob.ram_fifo.u_nx_fifo_ram_1r1w.fifo_ctrl._asrtLbl279",20,"nx_fifo_ctrl_ram_1r1w","/home/ibarry/Project-Zipline-master/rtl/common/nx_library/nx_fifo_ctrl_ram_1r1w.v",279,"No"
"kme_tb.kme_dut.u_cr_kme_core.kme_is_core.cceip0_key_tlv_rsm.u_cr_tlvp2_rsm.u_cr_fifo_wrap2_uobf.reg_fifo.u_nx_fifo.depth_n.fifo_ctrl.fifo_entries_reached_DEPTH",20,"nx_fifo_ctrl","/home/ibarry/Project-Zipline-master/rtl/common/nx_library/nx_fifo_ctrl.v",152,"No"
"kme_tb.kme_dut.u_cr_kme_core.kme_is_core.cceip0_key_tlv_rsm.u_cr_tlvp2_rsm.u_cr_fifo_wrap2_uobf.reg_fifo.u_nx_fifo.depth_n.fifo_ctrl.cover_depth[0].fifo_entries_reached_i",20,"nx_fifo_ctrl","/home/ibarry/Project-Zipline-master/rtl/common/nx_library/nx_fifo_ctrl.v",149,"No"
"kme_tb.kme_dut.u_cr_kme_core.kme_is_core.cceip0_key_tlv_rsm.u_cr_tlvp2_rsm.u_cr_fifo_wrap2_uobf.reg_fifo.u_nx_fifo.depth_n.fifo_ctrl.cover_depth[8].fifo_entries_reached_i",20,"nx_fifo_ctrl","/home/ibarry/Project-Zipline-master/rtl/common/nx_library/nx_fifo_ctrl.v",149,"No"
"kme_tb.kme_dut.u_cr_kme_core.kme_is_core.cceip0_key_tlv_rsm.u_cr_tlvp2_rsm.u_cr_fifo_wrap2_uobf.reg_fifo.u_nx_fifo.depth_n.fifo_ctrl.cover_depth[12].fifo_entries_reached_i",20,"nx_fifo_ctrl","/home/ibarry/Project-Zipline-master/rtl/common/nx_library/nx_fifo_ctrl.v",149,"No"
"kme_tb.kme_dut.u_cr_kme_core.kme_is_core.cceip0_key_tlv_rsm.u_cr_tlvp2_rsm.u_cr_fifo_wrap2_uobf.reg_fifo.u_nx_fifo.depth_n.fifo_ctrl.cover_depth[14].fifo_entries_reached_i",20,"nx_fifo_ctrl","/home/ibarry/Project-Zipline-master/rtl/common/nx_library/nx_fifo_ctrl.v",149,"No"
"kme_tb.kme_dut.u_cr_kme_core.kme_is_core.cceip0_key_tlv_rsm.u_cr_tlvp2_rsm.u_cr_fifo_wrap2_uobf.reg_fifo.u_nx_fifo.depth_n.fifo_ctrl.cover_depth[15].fifo_entries_reached_i",20,"nx_fifo_ctrl","/home/ibarry/Project-Zipline-master/rtl/common/nx_library/nx_fifo_ctrl.v",149,"No"
"kme_tb.kme_dut.u_cr_kme_regfile.u_nx_interface_monitor_cceip0.u_nx_credit_manager.credit_return_check",20,"nx_credit_manager","/home/ibarry/Project-Zipline-master/rtl/common/nx_library/nx_credit_manager.v",116,"No"
"kme_tb.kme_dut.u_cr_kme_regfile.u_nx_interface_monitor_cceip0.u_nx_credit_manager.credit_danger_check",20,"nx_credit_manager","/home/ibarry/Project-Zipline-master/rtl/common/nx_library/nx_credit_manager.v",122,"No"
"kme_tb.kme_dut.u_cr_kme_regfile.u_nx_interface_monitor_cceip1.u_nx_credit_manager.credit_return_check",20,"nx_credit_manager","/home/ibarry/Project-Zipline-master/rtl/common/nx_library/nx_credit_manager.v",116,"No"
"kme_tb.kme_dut.u_cr_kme_regfile.u_nx_interface_monitor_cceip1.u_nx_credit_manager.credit_danger_check",20,"nx_credit_manager","/home/ibarry/Project-Zipline-master/rtl/common/nx_library/nx_credit_manager.v",122,"No"
"kme_tb.kme_dut.u_cr_kme_regfile.u_nx_interface_monitor_cceip2.u_nx_credit_manager.credit_return_check",20,"nx_credit_manager","/home/ibarry/Project-Zipline-master/rtl/common/nx_library/nx_credit_manager.v",116,"No"
"kme_tb.kme_dut.u_cr_kme_regfile.u_nx_interface_monitor_cceip2.u_nx_credit_manager.credit_danger_check",20,"nx_credit_manager","/home/ibarry/Project-Zipline-master/rtl/common/nx_library/nx_credit_manager.v",122,"No"
"kme_tb.kme_dut.u_cr_kme_regfile.u_nx_interface_monitor_cceip3.u_nx_credit_manager.credit_return_check",20,"nx_credit_manager","/home/ibarry/Project-Zipline-master/rtl/common/nx_library/nx_credit_manager.v",116,"No"
"kme_tb.kme_dut.u_cr_kme_regfile.u_nx_interface_monitor_cceip3.u_nx_credit_manager.credit_danger_check",20,"nx_credit_manager","/home/ibarry/Project-Zipline-master/rtl/common/nx_library/nx_credit_manager.v",122,"No"
"kme_tb.kme_dut.u_cr_kme_regfile.u_nx_interface_monitor_cddip0.u_nx_credit_manager.credit_return_check",20,"nx_credit_manager","/home/ibarry/Project-Zipline-master/rtl/common/nx_library/nx_credit_manager.v",116,"No"
"kme_tb.kme_dut.u_cr_kme_regfile.u_nx_interface_monitor_cddip0.u_nx_credit_manager.credit_danger_check",20,"nx_credit_manager","/home/ibarry/Project-Zipline-master/rtl/common/nx_library/nx_credit_manager.v",122,"No"
"kme_tb.kme_dut.u_cr_kme_regfile.u_nx_interface_monitor_cddip1.u_nx_credit_manager.credit_return_check",20,"nx_credit_manager","/home/ibarry/Project-Zipline-master/rtl/common/nx_library/nx_credit_manager.v",116,"No"
"kme_tb.kme_dut.u_cr_kme_regfile.u_nx_interface_monitor_cddip1.u_nx_credit_manager.credit_danger_check",20,"nx_credit_manager","/home/ibarry/Project-Zipline-master/rtl/common/nx_library/nx_credit_manager.v",122,"No"
"kme_tb.kme_dut.u_cr_kme_regfile.u_nx_interface_monitor_cddip2.u_nx_credit_manager.credit_return_check",20,"nx_credit_manager","/home/ibarry/Project-Zipline-master/rtl/common/nx_library/nx_credit_manager.v",116,"No"
"kme_tb.kme_dut.u_cr_kme_regfile.u_nx_interface_monitor_cddip2.u_nx_credit_manager.credit_danger_check",20,"nx_credit_manager","/home/ibarry/Project-Zipline-master/rtl/common/nx_library/nx_credit_manager.v",122,"No"
"kme_tb.kme_dut.u_cr_kme_regfile.u_nx_interface_monitor_cddip3.u_nx_credit_manager.credit_return_check",20,"nx_credit_manager","/home/ibarry/Project-Zipline-master/rtl/common/nx_library/nx_credit_manager.v",116,"No"
"kme_tb.kme_dut.u_cr_kme_regfile.u_nx_interface_monitor_cddip3.u_nx_credit_manager.credit_danger_check",20,"nx_credit_manager","/home/ibarry/Project-Zipline-master/rtl/common/nx_library/nx_credit_manager.v",122,"No"
